id,loan_status,loan_amount,loan_term,interest_rate,installment,purpose,dti,revolving_rate,employment_length,home_ownership,annual_income
1075358,current,3000,60,12.69,67.79,other,17.94,53.9,1,rent,80000.0
1065420,current,10000,60,15.96,242.97,debt_consolidation,22.83,63.6,2,rent,29120.0
1069346,current,12500,60,12.69,282.44,debt_consolidation,16.04,50.0,1,rent,27000.0
1063958,current,14000,60,17.27,349.98,other,6.34,79.4,4,rent,28000.0
1068575,current,15300,60,22.06,423.1,credit_card,20.58,89.7,6,rent,85000.0
1067874,current,6000,60,12.69,135.57,major_purchase,13.66,50.0,1,rent,81000.0
1034693,current,16000,60,17.58,402.65,debt_consolidation,15.56,87.1,7,rent,65000.0
1046969,current,11000,60,13.49,253.06,debt_consolidation,10.94,24.1,10,mortgage,129000.0
1066664,current,21000,60,17.27,294.98,debt_consolidation,7.75,50.3,10,mortgage,109000.0
1066659,current,16000,60,17.27,399.97,debt_consolidation,11.04,42.2,2,rent,50000.0
1064063,current,18825,60,17.58,473.75,debt_consolidation,24.98,93.2,4,mortgage,44000.0
1066173,current,12300,60,13.49,282.96,debt_consolidation,12.76,55.5,2,mortgage,30000.0
1065145,current,18000,60,15.27,430.78,credit_card,11.41,83.2,1,mortgage,84000.0
1065342,current,20000,60,14.65,472.14,credit_card,12.15,59.9,2,mortgage,56000.0
1065142,current,25000,60,19.03,648.93,debt_consolidation,19.63,91.5,10,rent,75000.0
1065320,current,18000,60,19.03,467.23,credit_card,11.32,85.2,3,rent,90000.0
977277,current,20000,60,10.65,290.64,debt_consolidation,5.23,34.1,2,mortgage,175000.0
1059734,current,20000,60,16.77,494.59,credit_card,22.82,56.7,7,rent,50000.0
1065104,current,20000,60,12.69,451.9,home_improvement,10.21,54.8,7,own,85000.0
1064897,current,3000,60,19.03,77.88,other,10.73,79.4,3,rent,53004.0
1064862,current,17000,60,15.27,406.85,debt_consolidation,16.84,62.7,8,rent,65000.0
1064386,current,25975,60,12.69,372.25,debt_consolidation,26.13,77.2,10,mortgage,130000.0
1057239,current,35000,60,19.42,916.03,debt_consolidation,11.72,66.1,8,rent,195000.0
1064094,current,6000,60,17.58,151.0,debt_consolidation,15.54,80.6,3,rent,30120.0
1063729,current,18000,60,13.49,414.09,debt_consolidation,13.7,62.6,10,mortgage,40900.0
1063431,current,20000,60,12.69,451.9,other,17.78,66.9,10,rent,49000.0
1063653,current,25000,60,19.42,654.31,credit_card,21.13,85.3,10,rent,105000.0
1063626,current,25000,60,14.27,467.0,debt_consolidation,13.41,91.7,10,mortgage,85000.0
1063602,current,16100,60,11.71,355.79,debt_consolidation,27.8,46.0,1,mortgage,36000.0
1039993,current,15000,60,11.71,331.48,debt_consolidation,26.48,67.8,10,mortgage,72000.0
1062756,current,13000,60,23.52,370.38,debt_consolidation,11.65,92.1,10,rent,61000.0
1062612,current,18550,60,19.42,303.6,debt_consolidation,21.68,65.9,2,rent,45000.0
1062508,current,12000,60,14.65,226.63,debt_consolidation,14.44,47.8,3,rent,65000.0
1062102,current,25000,60,19.03,448.41,debt_consolidation,16.19,58.5,10,mortgage,96000.0
1061941,current,3000,60,17.27,75.0,debt_consolidation,11.42,66.5,5,rent,35000.0
1061747,current,18000,60,16.77,445.13,debt_consolidation,21.22,77.6,2,rent,50000.0
1061721,current,21000,60,18.25,536.13,credit_card,13.55,94.7,2,rent,110000.0
1052746,current,7600,60,16.77,187.95,other,16.52,72.7,1,rent,33996.0
1061581,current,25000,60,14.27,585.22,debt_consolidation,10.77,63.6,5,mortgage,89000.0
1061317,current,12000,60,12.69,271.14,debt_consolidation,10.44,78.6,7,rent,30000.0
1051045,current,7600,60,16.77,187.95,small_business,6.29,40.6,5,own,50000.0
1051953,current,10000,60,12.42,194.26,small_business,10.18,66.2,2,rent,42336.0
1059906,current,35000,60,12.42,489.57,debt_consolidation,26.33,59.3,10,rent,90000.0
1056057,current,35000,60,11.71,470.14,debt_consolidation,19.42,44.9,8,rent,70000.0
1060848,current,6500,60,14.27,152.16,debt_consolidation,19.06,80.6,6,mortgage,46212.0
1053622,current,14100,60,17.58,354.84,small_business,4.83,70.5,4,rent,43000.0
1060865,current,35000,60,19.03,572.36,small_business,4.29,75.4,10,mortgage,140000.0
1060853,current,25000,60,19.03,397.8,debt_consolidation,15.56,48.8,7,rent,95000.0
1060631,current,12000,60,11.71,265.18,debt_consolidation,21.17,77.7,10,rent,70000.0
1060600,current,12800,60,11.71,282.86,debt_consolidation,21.8,60.1,1,rent,61600.0
1060581,current,15000,60,16.77,370.94,credit_card,15.69,73.3,8,rent,42000.0
1059930,current,14000,60,18.25,357.42,wedding,16.28,87.0,10,rent,32000.0
1059288,current,12000,60,13.49,188.07,other,23.58,57.5,1,rent,75000.0
1054178,current,18000,60,11.71,272.37,home_improvement,10.97,46.3,10,mortgage,133224.0
1059698,current,12000,60,14.27,280.91,medical,22.77,78.9,3,rent,41000.0
1059627,current,13250,60,17.27,331.23,debt_consolidation,10.89,59.7,1,rent,26000.0
1059623,current,7000,60,15.96,170.08,other,21.66,88.6,3,own,75000.0
1057474,current,13000,60,16.77,321.48,wedding,19.13,86.5,9,mortgage,50000.0
1059274,current,21000,60,14.65,495.74,credit_card,20.11,59.9,4,mortgage,70000.0
1059284,current,20000,60,20.3,533.23,debt_consolidation,18.97,92.5,5,mortgage,51750.0
1059282,current,15500,60,13.49,356.58,debt_consolidation,11.19,57.0,4,rent,40000.0
1042427,current,8000,60,11.71,111.6,wedding,3.25,51.1,3,mortgage,88000.0
1048482,current,30000,60,20.3,494.57,debt_consolidation,18.77,71.4,8,rent,75000.0
1059120,current,17475,60,7.9,353.5,home_improvement,8.44,52.7,8,mortgage,90000.0
1059128,current,7000,60,8.9,144.97,debt_consolidation,15.17,62.9,9,mortgage,25000.0
1058952,current,35000,60,19.91,925.54,home_improvement,9.41,70.7,4,mortgage,69000.0
1058974,current,22000,60,19.42,575.79,debt_consolidation,16.2,97.0,4,rent,82500.0
1058698,current,12000,60,19.42,314.07,debt_consolidation,23.15,78.4,4,rent,68000.0
1058625,current,30000,60,21.67,822.95,debt_consolidation,11.44,97.3,2,rent,85000.0
1051228,current,6000,60,7.9,121.38,credit_card,12.16,14.7,10,own,34848.0
1058381,current,28000,60,14.65,660.99,credit_card,11.81,73.9,2,rent,160000.0
1058101,current,5000,60,16.77,123.65,debt_consolidation,3.92,83.1,4,mortgage,90000.0
1054408,current,14000,60,20.89,248.33,debt_consolidation,6.83,75.1,10,mortgage,76800.0
1058173,current,6000,60,16.77,148.38,debt_consolidation,9.09,65.4,10,rent,80000.0
1057314,current,35000,60,12.42,495.19,debt_consolidation,8.96,42.9,3,mortgage,66000.0
1057318,current,12000,60,9.91,204.61,debt_consolidation,17.45,52.2,4,rent,35000.0
1057171,current,24500,60,17.27,612.46,debt_consolidation,13.85,95.4,10,rent,52000.0
1056945,current,20000,60,18.64,514.86,credit_card,13.37,89.7,10,rent,50000.0
1056969,current,7100,60,19.42,185.83,credit_card,23.13,93.9,3,rent,36000.0
1056133,current,18000,60,14.65,424.92,debt_consolidation,18.63,83.8,7,mortgage,36000.0
1056320,current,17000,60,18.64,437.63,debt_consolidation,14.65,76.6,10,mortgage,72000.0
1056098,current,21000,60,19.91,555.33,debt_consolidation,8.09,82.4,2,rent,94500.0
1056039,current,13000,60,16.77,321.48,debt_consolidation,16.0,65.8,10,mortgage,54000.0
1056173,current,8800,60,20.3,234.62,vacation,8.77,88.2,10,rent,135000.0
1056000,current,20000,60,19.42,523.45,credit_card,8.84,49.0,3,mortgage,116500.0
1055921,current,21000,60,13.49,483.1,home_improvement,11.34,53.5,4,mortgage,60000.0
1055653,current,20000,60,16.77,494.59,credit_card,13.5,71.8,2,rent,108000.0
1055372,current,14000,60,8.9,289.94,debt_consolidation,14.48,23.7,1,rent,46000.0
1054552,current,35000,60,20.89,944.71,home_improvement,5.32,26.5,1,mortgage,174000.0
1054441,current,22500,60,12.69,508.39,other,11.04,31.3,4,mortgage,45000.0
1054298,current,18250,60,23.52,519.95,debt_consolidation,19.2,98.3,6,own,40000.0
1054165,current,12950,60,10.65,279.31,house,3.46,4.9,1,rent,31200.0
1044599,current,30000,60,9.91,636.09,home_improvement,1.07,18.6,10,mortgage,72000.0
1033775,current,7200,60,17.27,179.99,debt_consolidation,10.53,63.8,5,rent,103000.0
1053817,current,19500,60,18.25,497.83,debt_consolidation,17.56,72.0,4,rent,52470.0
1047639,current,6350,60,11.71,140.33,car,4.71,24.6,4,rent,49200.0
1053648,current,14750,60,16.77,364.76,debt_consolidation,17.32,64.0,8,mortgage,30000.0
1053539,current,13475,60,8.9,279.07,debt_consolidation,27.27,0.0,3,rent,26400.0
1053591,current,20000,60,18.64,514.86,debt_consolidation,9.31,88.4,4,rent,87000.0
1053576,current,4800,60,18.25,122.55,debt_consolidation,13.81,90.6,10,rent,45000.0
1053289,current,25975,60,19.03,674.24,debt_consolidation,21.7,95.8,8,mortgage,50000.0
1052725,current,21200,60,17.58,533.51,credit_card,24.05,80.9,10,mortgage,47000.0
1052789,current,20250,60,15.27,484.63,credit_card,23.08,35.2,7,rent,39624.0
1052616,current,8400,60,14.65,198.3,car,8.14,82.9,6,rent,51008.0
1052357,current,20000,60,11.71,441.97,debt_consolidation,18.96,55.1,9,rent,35000.0
1051548,current,35000,60,12.69,790.82,debt_consolidation,17.09,43.1,4,rent,71000.0
1042417,current,12000,60,12.69,271.14,small_business,9.23,39.0,4,rent,45000.0
1052071,current,17200,60,20.89,464.26,house,7.06,96.4,10,rent,52000.0
1051869,current,27300,60,12.42,613.09,debt_consolidation,20.19,41.4,10,mortgage,56000.0
1052008,current,10400,60,16.77,257.19,home_improvement,9.86,54.2,5,mortgage,56004.0
1048949,current,35000,60,11.71,773.44,debt_consolidation,16.63,62.9,7,mortgage,78000.0
1048624,current,16000,60,17.58,402.65,credit_card,12.83,43.5,7,own,49000.0
1045401,current,22000,60,12.69,497.09,debt_consolidation,15.81,27.3,10,rent,45000.0
1050056,current,6075,60,17.27,151.87,small_business,5.97,24.4,1,rent,46440.0
1038880,current,20000,60,16.77,494.59,debt_consolidation,20.73,59.3,8,mortgage,56500.0
1036964,current,22000,60,13.49,506.11,credit_card,9.46,76.6,2,mortgage,75000.0
1049409,current,20000,60,15.96,485.94,home_improvement,10.53,68.6,10,mortgage,112000.0
1047388,current,20000,60,12.42,449.15,credit_card,20.12,60.6,4,mortgage,55000.0
1006779,current,15000,60,10.65,323.53,other,23.13,22.5,1,mortgage,68004.0
1009907,current,18000,60,18.64,463.38,credit_card,11.29,91.6,9,mortgage,132000.0
1048372,current,5375,60,18.25,137.23,debt_consolidation,11.56,81.3,10,rent,19200.0
1047400,current,12000,60,17.58,301.99,debt_consolidation,16.27,94.1,10,mortgage,83000.0
1048930,current,10000,60,13.49,230.05,debt_consolidation,25.51,59.7,2,rent,48500.0
1048727,current,22000,60,14.65,519.35,debt_consolidation,6.93,71.8,1,mortgage,93000.0
1048681,current,14000,60,19.91,370.22,debt_consolidation,11.31,71.6,10,mortgage,47000.0
1048064,current,35000,60,14.27,819.3,debt_consolidation,23.8,69.5,1,mortgage,65000.0
1048015,current,16000,60,12.42,359.32,debt_consolidation,12.39,85.9,10,rent,40000.0
1047082,current,15250,60,12.69,344.57,debt_consolidation,26.62,83.0,3,mortgage,31200.0
1047556,current,16000,60,17.27,399.97,debt_consolidation,10.91,87.4,10,rent,57000.0
1030533,current,12000,60,13.49,276.06,debt_consolidation,10.61,65.8,1,rent,50000.0
1047564,current,22000,60,12.69,497.09,credit_card,11.98,64.1,6,mortgage,91663.0
1046480,current,3000,60,12.42,67.38,car,6.6,0.7,2,mortgage,106800.0
1047209,current,21000,60,15.27,502.57,home_improvement,13.23,49.4,7,mortgage,90000.0
1047143,current,3975,60,17.58,100.04,debt_consolidation,10.29,95.9,6,mortgage,42000.0
1040115,current,35000,60,12.69,790.82,debt_consolidation,16.58,89.4,10,rent,102000.0
1046117,current,33600,60,14.27,786.53,debt_consolidation,20.57,57.0,10,rent,86000.0
1046530,current,16000,60,15.27,382.92,debt_consolidation,7.76,56.6,5,rent,99000.0
1041857,current,20000,60,15.27,478.64,debt_consolidation,18.63,83.6,10,rent,110000.0
1046153,current,28200,60,19.03,731.99,home_improvement,22.88,66.9,10,mortgage,72000.0
1014538,current,15000,60,20.3,399.92,other,15.15,71.0,6,mortgage,95000.0
1043257,current,12600,60,19.03,327.06,debt_consolidation,12.67,77.2,10,mortgage,37209.6
1022862,current,25000,60,18.25,638.25,debt_consolidation,9.91,78.7,10,mortgage,46520.88
1045315,current,27700,60,20.3,738.52,small_business,0.32,22.2,6,mortgage,60000.0
1042203,current,15800,60,18.25,403.37,debt_consolidation,13.1,85.6,4,rent,83000.0
1045159,current,18000,60,19.42,471.1,debt_consolidation,13.07,47.6,6,mortgage,55000.0
1045590,current,13200,60,14.27,309.0,credit_card,12.61,72.5,7,rent,47000.0
1045291,current,27000,60,12.42,606.35,credit_card,12.84,31.1,7,mortgage,150000.0
1045100,current,12000,60,14.27,280.91,debt_consolidation,13.09,51.5,7,rent,33000.0
1044864,current,5250,60,17.58,132.12,credit_card,23.45,95.3,10,mortgage,59000.0
1044826,current,2500,60,12.69,56.49,car,14.82,27.5,1,own,33840.0
1044543,current,12250,60,11.71,270.71,debt_consolidation,23.76,72.2,10,mortgage,63996.0
1044511,current,24250,60,19.03,629.46,debt_consolidation,24.0,81.0,10,rent,54257.0
1042702,current,22000,60,18.25,561.66,other,19.64,23.2,5,mortgage,92000.0
1044500,current,32000,60,20.89,863.73,car,18.84,73.9,10,own,100000.0
1044201,current,25000,60,15.27,598.3,debt_consolidation,9.88,87.8,10,mortgage,150000.0
1044134,current,24000,60,12.69,542.28,debt_consolidation,6.77,51.6,2,mortgage,180000.0
1042101,current,29100,60,10.65,627.64,debt_consolidation,14.0,19.8,6,mortgage,83496.0
1042314,current,15000,60,15.96,364.46,credit_card,23.75,61.8,10,rent,58000.0
1042083,current,18000,60,19.42,471.1,home_improvement,10.31,94.4,10,mortgage,180000.0
1041887,current,23000,60,12.69,519.68,debt_consolidation,29.83,60.3,10,mortgage,80000.0
1041823,current,21000,60,16.77,519.32,debt_consolidation,14.72,92.1,10,rent,53000.0
1041816,current,15000,60,17.27,374.97,credit_card,16.13,93.9,10,rent,41000.0
1041645,current,6400,60,19.42,167.51,other,6.06,78.7,3,rent,21996.0
1041546,current,14300,60,11.71,316.01,credit_card,26.96,38.6,10,rent,30000.0
1041523,current,17625,60,17.58,443.55,credit_card,27.27,95.2,10,rent,43000.0
1041285,current,5000,60,11.71,110.5,other,7.81,26.4,5,mortgage,84000.0
1039148,current,14000,60,8.9,289.94,debt_consolidation,11.45,47.4,1,mortgage,68124.0
1035141,current,16750,60,12.42,376.16,debt_consolidation,23.83,28.1,5,mortgage,42000.0
1040965,current,13200,60,17.58,332.19,credit_card,15.33,87.6,9,mortgage,80000.0
1035283,current,35000,60,19.42,916.03,debt_consolidation,20.89,93.3,10,mortgage,76519.82
1040236,current,8000,60,21.67,219.46,other,6.69,72.6,4,rent,45000.0
1039811,current,35000,60,19.42,916.03,credit_card,18.11,79.6,10,own,137000.0
1033437,current,8400,60,8.9,173.97,debt_consolidation,7.44,8.7,4,mortgage,65508.0
1039887,current,19800,60,21.67,543.15,home_improvement,1.61,27.2,10,own,170000.0
1039836,current,20000,60,12.69,451.9,debt_consolidation,15.48,55.1,7,rent,40000.0
1039627,current,25000,60,17.27,624.95,debt_consolidation,21.07,67.4,10,rent,50400.0
1039790,current,14000,60,13.49,322.07,credit_card,24.73,58.5,10,mortgage,67000.0
1036828,current,12800,60,13.49,294.47,debt_consolidation,16.59,85.9,4,rent,45000.0
1033003,current,14000,60,17.58,352.32,car,10.01,69.3,1,mortgage,100000.0
1038103,current,31000,60,12.42,696.18,debt_consolidation,18.31,53.1,10,mortgage,62400.0
1038738,current,12900,60,18.25,329.34,debt_consolidation,21.79,73.1,1,rent,75000.0
1038713,current,22000,60,17.27,549.96,debt_consolidation,13.8,58.3,10,rent,84000.0
1038518,current,25000,60,11.71,552.46,house,13.38,8.3,10,mortgage,60000.0
1033819,current,7000,60,12.42,157.21,debt_consolidation,19.79,52.4,10,mortgage,56400.0
1038434,current,24000,60,17.58,603.98,debt_consolidation,5.14,68.6,3,rent,125004.0
1038022,current,15000,60,17.27,374.97,debt_consolidation,22.16,74.1,1,rent,62000.0
1038330,current,23600,60,18.64,607.54,debt_consolidation,24.36,50.9,10,own,60000.0
1038060,current,16000,60,15.96,388.75,debt_consolidation,20.52,67.3,7,mortgage,61000.0
1038001,current,28000,60,20.89,755.77,debt_consolidation,18.77,90.5,2,rent,80000.0
1037889,current,35000,60,18.64,901.01,credit_card,12.0,75.3,3,rent,140000.0
1037608,current,20000,60,16.77,494.59,debt_consolidation,5.5,92.5,10,rent,110000.0
965286,current,35000,60,18.64,901.01,debt_consolidation,6.17,83.9,6,mortgage,248000.0
1037404,current,14000,60,13.49,322.07,debt_consolidation,19.44,92.0,5,own,30000.0
1036766,current,12000,60,13.49,276.06,debt_consolidation,21.42,51.8,3,own,52000.0
1025417,current,21000,60,21.28,571.44,other,10.89,86.2,10,mortgage,109992.0
1036314,current,26375,60,17.58,663.75,debt_consolidation,22.66,82.2,10,mortgage,158000.0
1000862,current,3125,60,21.67,85.73,other,13.01,97.0,1,own,9960.0
909492,current,15000,60,15.96,364.46,debt_consolidation,14.35,59.2,8,mortgage,90000.0
1035719,current,18800,60,13.49,432.49,debt_consolidation,23.63,66.8,10,mortgage,58000.0
1035681,current,35000,60,22.06,967.86,debt_consolidation,16.36,85.0,10,rent,90000.0
1035594,current,14675,60,17.27,366.85,debt_consolidation,24.52,89.4,6,rent,34500.0
1033270,current,28000,60,11.71,618.75,small_business,6.16,20.6,10,mortgage,75000.0
1035442,current,11600,60,14.27,271.54,debt_consolidation,23.21,82.6,8,mortgage,35000.0
1035425,current,35000,60,22.06,967.86,credit_card,14.71,92.7,10,mortgage,95300.0
1034803,current,16550,60,14.65,390.69,other,9.88,84.6,7,mortgage,52000.0
1034970,current,12000,60,11.71,265.18,debt_consolidation,23.3,69.8,10,mortgage,48000.0
1034346,current,15000,60,10.65,323.53,car,26.61,0.5,10,mortgage,64800.0
1034335,current,15000,60,22.74,420.62,debt_consolidation,22.32,98.2,10,mortgage,70000.0
1032493,current,12300,60,19.91,325.26,credit_card,24.91,90.4,6,mortgage,41000.0
1033954,current,3650,60,17.58,91.86,debt_consolidation,12.5,87.4,4,rent,29000.0
1033927,current,13000,60,15.96,315.86,debt_consolidation,8.27,56.5,4,mortgage,85000.0
1033553,current,14000,60,13.49,322.07,debt_consolidation,19.77,69.3,1,rent,33936.0
972799,current,21000,60,12.42,471.61,small_business,7.35,29.6,10,mortgage,70000.0
1033362,current,24000,60,19.03,622.97,credit_card,23.74,78.8,10,rent,98000.0
1033173,current,19075,60,20.3,508.57,debt_consolidation,22.75,67.8,2,rent,50000.0
1033120,current,15000,60,15.27,358.98,credit_card,11.88,73.8,10,rent,29000.0
1033026,current,25975,60,22.06,718.29,credit_card,24.85,84.9,10,mortgage,66000.0
1032764,current,5000,60,9.91,106.02,other,15.41,0.0,5,mortgage,98580.0
1032251,current,15000,60,13.49,345.08,debt_consolidation,11.4,60.5,3,mortgage,38000.0
1032417,current,28000,60,18.25,714.83,debt_consolidation,10.84,60.1,1,mortgage,157000.0
1032091,current,15000,60,20.89,404.88,debt_consolidation,11.33,92.9,10,rent,59000.0
1032002,current,12000,60,11.71,265.18,debt_consolidation,11.81,50.3,10,mortgage,120000.0
1029762,current,30000,60,14.65,708.2,debt_consolidation,17.16,7.9,1,mortgage,70000.0
1031659,current,5200,60,8.9,107.7,vacation,8.17,2.2,1,rent,36000.0
1031564,current,14000,60,14.65,330.5,credit_card,22.33,77.7,8,rent,81000.0
1031352,current,15850,60,21.28,431.3,debt_consolidation,22.8,92.1,10,mortgage,66000.0
1029623,current,35000,60,12.42,786.01,debt_consolidation,18.75,78.8,1,mortgage,101000.0
1031074,current,30000,60,20.3,799.84,debt_consolidation,23.42,60.3,4,own,180000.0
1031189,current,14125,60,19.42,369.69,credit_card,22.78,75.1,2,rent,50620.0
1030982,current,35000,60,21.28,952.39,debt_consolidation,11.27,82.3,4,mortgage,120000.0
1030283,current,6700,60,15.27,160.35,small_business,16.43,54.1,6,rent,26000.0
977111,current,35000,60,11.71,773.44,credit_card,19.9,66.6,10,mortgage,100500.0
1030425,current,10500,60,19.42,274.81,home_improvement,6.36,66.1,4,mortgage,50000.0
1030384,current,20000,60,13.49,460.1,debt_consolidation,25.23,75.0,4,own,75000.0
1029654,current,20000,60,11.71,441.97,debt_consolidation,6.11,38.7,7,mortgage,45000.0
1029309,current,20000,60,15.96,485.94,debt_consolidation,11.92,65.1,2,rent,80856.0
1029304,current,4200,60,20.89,113.37,debt_consolidation,14.91,77.3,10,mortgage,78000.0
1028903,current,28000,60,18.64,720.81,other,17.76,14.9,1,mortgage,140000.0
1028703,current,22400,60,18.25,571.87,debt_consolidation,16.0,25.7,5,mortgage,51000.0
1019316,current,30500,60,14.27,713.96,debt_consolidation,17.2,62.5,10,mortgage,125000.0
1028866,current,20000,60,14.27,468.17,debt_consolidation,24.5,58.0,1,rent,120000.0
1028829,current,13200,60,13.49,303.67,other,4.63,17.2,2,rent,42996.0
1028222,current,14000,60,16.77,346.21,debt_consolidation,18.39,67.5,1,mortgage,108000.0
1028145,current,16000,60,16.77,395.67,debt_consolidation,16.44,88.1,10,mortgage,120000.0
1027861,current,5000,60,19.91,132.22,other,24.76,99.9,2,mortgage,97008.0
904606,current,16000,60,17.58,402.65,debt_consolidation,16.73,53.4,3,rent,32000.0
1027372,current,12800,60,8.9,265.09,debt_consolidation,19.9,22.8,3,mortgage,50400.0
1023170,current,32275,60,11.71,713.22,debt_consolidation,18.12,63.3,2,rent,77000.0
1026310,current,7800,60,9.91,165.39,debt_consolidation,10.97,62.7,2,mortgage,50004.0
897096,current,15600,60,17.58,392.59,major_purchase,21.98,25.5,8,own,48000.0
1017526,current,25000,60,10.65,539.21,debt_consolidation,14.92,35.3,10,rent,79000.0
1021832,current,7500,60,19.03,194.68,other,4.5,51.9,10,mortgage,150000.0
997046,current,30400,60,21.28,827.22,credit_card,7.42,85.7,3,mortgage,110000.0
1024864,current,9600,60,16.77,237.4,major_purchase,8.54,77.3,6,rent,60000.0
1017039,current,15000,60,17.58,377.49,small_business,20.32,66.1,10,mortgage,48000.0
1024670,current,30000,60,19.91,793.32,debt_consolidation,9.65,56.6,10,mortgage,173156.0
993978,current,19000,60,16.77,469.86,debt_consolidation,23.25,60.2,10,mortgage,45000.0
915599,current,16000,60,18.64,411.89,debt_consolidation,22.46,94.1,8,mortgage,46000.0
1017853,current,13000,60,14.65,306.89,debt_consolidation,12.3,71.6,7,mortgage,60000.0
1023044,current,35000,60,12.42,786.01,home_improvement,10.38,63.3,9,mortgage,150000.0
1022962,current,23000,60,14.27,538.4,debt_consolidation,21.14,93.9,4,rent,73000.0
1022731,current,30000,60,11.71,662.95,debt_consolidation,12.27,40.8,1,mortgage,115000.0
1022696,current,12000,60,8.9,248.52,credit_card,9.6,1.1,10,mortgage,60000.0
942440,current,15000,60,17.27,374.97,debt_consolidation,14.83,59.3,10,mortgage,70000.0
1022601,current,4600,60,17.27,115.0,debt_consolidation,24.23,52.6,3,rent,37000.0
1022594,current,3000,60,15.27,71.8,other,4.5,19.3,8,rent,56004.0
1018045,current,6000,60,19.03,155.75,other,20.47,83.7,2,rent,38400.0
1022317,current,12600,60,7.9,254.88,home_improvement,6.4,14.2,6,mortgage,48000.0
1020317,current,20000,60,10.65,431.37,debt_consolidation,29.63,57.5,10,mortgage,52000.0
1021444,current,35000,60,22.06,967.86,debt_consolidation,12.94,19.9,2,rent,145000.0
1022176,current,15000,60,14.27,351.13,debt_consolidation,13.72,66.7,6,mortgage,95000.0
1020047,current,14400,60,15.27,344.62,debt_consolidation,23.14,62.2,8,mortgage,50000.0
1022002,current,35000,60,21.28,952.39,debt_consolidation,8.12,89.4,10,mortgage,120000.0
1021434,current,20000,60,19.42,523.45,other,14.46,73.1,5,mortgage,116000.0
1021172,current,14400,60,17.27,359.98,debt_consolidation,11.75,28.3,4,rent,34008.0
1020936,current,35000,60,22.74,981.45,house,24.0,71.4,10,mortgage,120000.0
1005707,current,2000,60,18.64,51.49,debt_consolidation,7.89,62.7,1,rent,42000.0
1018129,current,35000,60,20.89,944.71,debt_consolidation,12.11,91.4,10,mortgage,160000.0
1018175,current,30000,60,9.91,636.09,house,9.05,5.8,10,mortgage,72000.0
1020423,current,6600,60,17.27,164.99,wedding,0.41,11.8,1,rent,43500.0
1020393,current,13500,60,7.9,273.09,debt_consolidation,17.33,37.8,5,rent,27000.0
985454,current,20000,60,16.77,494.59,debt_consolidation,9.6,85.0,4,mortgage,79000.0
1020142,current,25000,60,12.42,561.44,debt_consolidation,13.34,63.7,10,mortgage,67000.0
1018925,current,14000,60,8.9,289.94,house,14.02,62.9,3,mortgage,150000.0
1019046,current,6200,60,12.42,139.24,debt_consolidation,4.94,75.9,3,rent,38400.0
1018962,current,6000,60,14.65,141.64,debt_consolidation,20.02,54.1,6,mortgage,50000.0
1018910,current,6450,60,18.64,166.05,debt_consolidation,23.17,96.3,5,own,23000.0
1015527,current,12000,60,9.91,254.44,car,1.29,12.5,2,rent,40000.0
1017797,current,25000,60,12.69,564.87,small_business,20.88,32.2,4,rent,41658.0
1018587,current,3500,60,8.9,72.49,car,21.76,80.0,9,rent,55200.0
890375,current,35000,60,22.06,967.86,debt_consolidation,21.55,99.6,5,rent,67000.0
1008428,current,20000,60,14.27,468.17,debt_consolidation,17.35,92.1,2,own,57000.0
1018453,current,35000,60,12.42,786.01,debt_consolidation,6.78,60.4,1,mortgage,270000.0
1018133,current,9400,60,10.65,202.75,home_improvement,18.93,1.5,2,own,22887.0
1016476,current,24800,60,14.27,580.53,small_business,3.89,4.8,7,rent,95000.0
1017659,current,17100,60,14.27,400.29,credit_card,15.03,64.2,3,mortgage,94000.0
986466,current,10575,60,11.71,233.69,debt_consolidation,22.81,52.9,3,mortgage,50000.0
1012582,current,4000,60,15.27,95.73,car,7.13,15.8,9,rent,19200.0
1016351,current,21000,60,12.69,474.49,small_business,13.92,82.6,10,mortgage,75000.0
1016307,current,12000,60,14.27,280.91,debt_consolidation,22.85,64.0,5,rent,53100.0
1016250,current,20000,60,14.27,468.17,small_business,8.46,50.0,10,mortgage,102000.0
1016084,current,24000,60,12.69,542.28,small_business,17.8,31.7,5,mortgage,94000.0
1016028,current,30000,60,22.35,834.55,debt_consolidation,7.26,51.4,1,rent,290000.0
1015928,current,35000,60,12.42,786.01,debt_consolidation,22.43,40.8,2,mortgage,61200.0
989431,current,12000,60,17.27,299.98,debt_consolidation,14.11,91.9,2,rent,82500.0
1013010,current,9325,60,11.71,206.07,small_business,27.99,88.7,4,mortgage,46000.0
1015868,current,20000,60,12.42,449.15,debt_consolidation,9.54,2.5,2,mortgage,120000.0
1015630,current,24000,60,17.58,603.98,debt_consolidation,14.83,70.1,5,mortgage,160000.0
1015615,current,20000,60,18.64,514.86,debt_consolidation,21.07,88.6,5,rent,57000.0
1012796,current,17500,60,11.71,386.72,house,15.15,1.5,3,mortgage,35000.0
1015464,current,12000,60,13.49,276.06,debt_consolidation,23.66,71.7,10,mortgage,63000.0
1015244,current,20000,60,11.71,441.97,other,6.51,3.1,2,rent,120000.0
1015211,current,9375,60,21.67,257.18,debt_consolidation,14.59,24.9,7,mortgage,38000.0
1014974,current,8300,60,14.65,195.94,debt_consolidation,19.23,27.0,5,rent,48000.0
1007227,current,21000,60,13.49,483.1,house,7.51,29.1,10,mortgage,80000.0
1014023,current,16000,60,12.69,361.52,debt_consolidation,21.48,65.1,1,rent,40000.0
1012816,current,25000,60,16.77,618.23,debt_consolidation,21.27,42.3,4,mortgage,52800.0
1012353,current,14000,60,20.3,373.26,other,5.95,88.2,7,mortgage,47000.0
1011585,current,35000,60,22.06,967.86,debt_consolidation,21.81,48.8,10,mortgage,95800.0
998229,current,20000,60,17.58,503.32,debt_consolidation,20.61,73.8,3,rent,75000.0
1010884,current,13600,60,17.27,339.98,debt_consolidation,22.64,79.7,6,mortgage,51000.0
1010801,current,15000,60,13.49,345.08,credit_card,12.05,67.2,7,mortgage,94000.0
1010721,current,12375,60,13.49,284.69,debt_consolidation,28.54,45.7,1,rent,42000.0
1009419,current,22400,60,11.71,495.0,debt_consolidation,29.25,47.0,10,mortgage,106000.0
1009474,current,25000,60,18.25,638.25,house,5.85,50.8,7,mortgage,156000.0
1008388,current,15000,60,12.42,336.86,car,8.83,84.7,8,rent,36000.0
1008870,current,16000,60,12.42,359.32,debt_consolidation,3.39,31.5,10,rent,118000.0
1009343,current,16000,60,13.49,368.08,debt_consolidation,4.67,33.6,10,mortgage,96000.0
978488,current,18000,60,10.65,388.23,other,13.62,30.7,6,mortgage,40000.0
1007441,current,16000,60,17.27,399.97,other,12.84,22.0,4,mortgage,180000.0
1009024,current,12000,60,15.27,287.19,credit_card,11.65,97.4,4,rent,48000.0
1008749,current,20000,60,14.65,472.14,home_improvement,9.03,16.4,5,mortgage,106000.0
1003434,current,25000,60,10.65,539.21,credit_card,22.47,28.4,4,own,38400.0
1008593,current,12000,60,10.65,258.82,other,12.0,28.2,1,mortgage,72000.0
1002396,current,30000,60,22.74,841.24,debt_consolidation,16.56,64.8,3,mortgage,130000.0
1007997,current,17725,60,11.71,391.7,debt_consolidation,28.25,36.2,10,mortgage,57000.0
983769,current,20000,60,18.25,510.6,debt_consolidation,17.79,89.4,10,own,62000.0
1007647,current,15000,60,13.49,345.08,wedding,1.17,15.3,1,rent,72000.0
999666,current,33600,60,13.49,772.96,debt_consolidation,17.6,61.9,5,rent,111396.0
1007408,current,15000,60,17.58,377.49,debt_consolidation,15.49,51.5,1,rent,65000.0
928898,current,12600,60,19.42,329.77,credit_card,17.74,86.9,3,rent,55000.0
1006771,current,5000,60,10.65,107.85,car,22.53,46.0,10,mortgage,79200.0
1000794,current,9400,60,14.27,220.04,debt_consolidation,24.15,45.6,1,mortgage,62000.0
1006607,current,12600,60,12.69,284.7,other,18.04,80.2,10,rent,64590.0
1006097,current,24000,60,22.06,663.68,small_business,9.05,21.1,2,rent,91200.0
1005669,current,20000,60,14.65,472.14,home_improvement,19.73,19.3,3,mortgage,57600.0
1000124,current,2800,60,9.91,59.37,debt_consolidation,1.08,7.0,5,rent,33204.0
1002729,current,12175,60,10.65,262.6,debt_consolidation,15.5,40.3,10,mortgage,106000.0
1003613,current,15000,60,16.77,370.94,debt_consolidation,5.66,35.7,1,rent,88000.0
880757,current,25000,60,12.42,561.44,debt_consolidation,19.24,36.4,10,mortgage,68000.0
928485,current,15850,60,13.49,364.63,debt_consolidation,28.71,47.1,10,rent,40000.0
1003267,current,3000,60,10.65,64.71,other,11.53,86.4,6,mortgage,90000.0
1003229,current,35000,60,19.91,925.54,debt_consolidation,20.21,73.1,10,mortgage,135000.0
989598,current,6625,60,14.27,155.09,debt_consolidation,24.68,72.0,6,mortgage,25995.0
1002878,current,12800,60,12.42,287.46,other,19.46,43.3,1,mortgage,98300.0
980552,current,14000,60,17.27,349.98,debt_consolidation,15.05,52.2,10,rent,77000.0
1002556,current,12000,60,19.03,311.49,medical,8.32,97.7,10,rent,140000.0
1002518,current,20000,60,10.65,431.37,small_business,2.16,18.4,4,own,90000.0
1001480,current,27000,60,10.65,582.35,debt_consolidation,18.92,63.3,9,mortgage,61900.0
999834,current,35000,60,20.89,944.71,debt_consolidation,9.56,33.2,10,own,77160.0
1000497,current,14000,60,7.9,283.2,debt_consolidation,27.74,6.3,7,mortgage,53000.0
971981,current,28000,60,14.27,655.44,credit_card,19.86,32.2,1,rent,75000.0
1000067,current,15000,60,16.77,370.94,small_business,20.5,36.9,1,rent,72000.0
1000007,current,5150,60,18.64,132.58,debt_consolidation,17.59,87.3,1,rent,34992.0
999331,current,34000,60,19.91,899.1,other,15.59,48.9,10,mortgage,243000.0
999492,current,30000,60,13.49,690.15,small_business,14.16,10.9,10,rent,60000.0
998817,current,25000,60,14.65,590.17,debt_consolidation,21.98,38.0,1,rent,70000.0
998792,current,20000,60,23.91,574.32,debt_consolidation,13.91,99.1,1,mortgage,90000.0
998689,current,12800,60,18.64,329.51,debt_consolidation,12.0,48.3,10,mortgage,80000.0
998694,current,27500,60,19.42,719.74,small_business,8.01,49.8,7,rent,55000.0
998313,current,13000,60,8.9,269.23,other,16.9,29.8,10,rent,35000.0
995914,current,8575,60,10.65,184.95,credit_card,20.78,63.6,10,mortgage,47000.0
995648,current,35000,60,12.69,790.82,home_improvement,7.55,32.3,4,mortgage,150000.0
980336,current,20000,60,10.65,431.37,debt_consolidation,22.38,51.1,5,rent,40000.0
995714,current,24000,60,20.89,647.8,debt_consolidation,6.76,84.7,6,mortgage,78500.0
987047,current,35000,60,12.42,786.01,debt_consolidation,19.0,54.7,10,mortgage,108000.0
996048,current,30000,60,20.89,809.75,home_improvement,9.94,81.5,10,mortgage,174996.0
985811,current,15000,60,14.27,351.13,debt_consolidation,16.5,48.7,10,mortgage,44000.0
993542,current,30000,60,19.03,778.72,debt_consolidation,15.18,56.8,10,mortgage,150000.0
978993,current,30000,60,12.42,673.72,debt_consolidation,18.1,76.8,10,mortgage,105000.0
995327,current,14000,60,9.91,296.84,debt_consolidation,8.84,35.7,7,mortgage,70720.0
977772,current,25000,60,19.03,648.93,debt_consolidation,18.65,87.9,10,own,44400.0
889913,current,25000,60,10.65,539.21,debt_consolidation,15.38,50.5,2,mortgage,50000.0
988571,current,25000,60,17.27,624.95,small_business,24.17,63.1,10,mortgage,140000.0
994632,current,5750,60,14.27,134.6,debt_consolidation,18.11,89.3,4,mortgage,54000.0
994794,current,16000,60,17.27,399.97,small_business,1.94,29.1,3,mortgage,52044.0
994699,current,15000,60,10.65,323.53,home_improvement,17.04,3.8,10,mortgage,190000.0
992446,current,7200,60,18.64,185.35,home_improvement,13.56,0.0,6,rent,30000.0
994423,current,35000,60,16.77,865.52,debt_consolidation,2.95,88.4,10,mortgage,85000.0
968482,current,13600,60,17.58,342.26,other,8.1,42.5,10,mortgage,81060.0
991811,current,14400,60,17.58,362.39,small_business,7.48,0.0,10,rent,89000.0
867871,current,21000,60,14.65,495.74,home_improvement,22.98,64.4,5,mortgage,72000.0
891512,current,18000,60,15.96,437.35,debt_consolidation,14.29,79.0,10,mortgage,114000.0
992489,current,20000,60,17.58,503.32,debt_consolidation,18.28,57.8,10,mortgage,117996.0
992658,current,23000,60,17.58,578.81,debt_consolidation,17.76,39.4,1,rent,55000.0
992646,current,12000,60,8.9,248.52,credit_card,8.98,22.7,4,mortgage,50000.0
992382,current,25000,60,18.25,638.25,other,17.43,92.2,7,mortgage,120000.0
988058,current,30000,60,14.27,702.26,debt_consolidation,17.43,49.6,6,rent,80000.0
992222,current,25000,60,13.49,575.12,debt_consolidation,19.97,62.6,3,own,50000.0
991309,current,12500,60,16.77,309.12,debt_consolidation,19.31,55.1,5,mortgage,42000.0
984541,current,21725,60,13.49,499.78,debt_consolidation,25.04,58.1,4,mortgage,69200.0
988112,current,15000,60,8.9,310.65,other,8.2,0.0,8,rent,64000.0
894834,current,4800,60,19.91,126.94,debt_consolidation,24.61,99.6,2,own,41000.0
990626,current,15000,60,12.69,338.93,debt_consolidation,11.24,36.8,3,mortgage,44500.0
990329,current,35000,60,17.58,880.8,other,16.49,89.1,3,rent,65000.0
959260,current,14400,60,19.42,376.88,credit_card,9.23,60.7,8,mortgage,68800.0
990054,current,12000,60,19.03,311.49,major_purchase,20.97,32.5,3,rent,39600.0
990073,current,30000,60,20.89,809.75,small_business,15.33,73.8,1,mortgage,70000.0
990008,current,14000,60,15.96,340.16,house,6.89,21.0,6,mortgage,70000.0
989968,current,35000,60,11.71,773.44,debt_consolidation,19.87,34.2,10,mortgage,75000.0
987401,current,11100,60,8.9,229.88,debt_consolidation,21.23,40.6,10,mortgage,85356.0
915455,current,12000,60,17.27,299.98,car,16.83,87.3,2,mortgage,90000.0
976184,current,16000,60,17.58,402.65,small_business,8.34,71.4,5,mortgage,45336.0
980473,current,29175,60,18.25,744.83,moving,16.7,46.9,2,mortgage,58000.0
987923,current,18000,60,11.71,397.77,debt_consolidation,12.54,41.4,10,mortgage,80000.0
988489,current,5000,60,20.89,134.96,other,17.95,98.8,7,mortgage,74000.0
988469,current,6000,60,15.96,145.79,debt_consolidation,8.93,66.6,10,rent,39500.0
922186,current,35000,60,11.71,773.44,debt_consolidation,11.4,15.0,10,mortgage,120000.0
979317,current,18800,60,12.42,422.2,home_improvement,8.35,8.7,2,rent,73000.0
988132,current,12000,60,12.69,271.14,home_improvement,5.22,44.6,8,mortgage,100000.0
987707,current,28000,60,14.65,660.99,debt_consolidation,12.03,60.4,10,mortgage,150000.0
875856,current,12600,60,14.27,294.95,debt_consolidation,15.71,25.9,10,mortgage,65000.0
988193,current,24375,60,17.58,613.41,debt_consolidation,15.82,89.5,2,mortgage,48000.0
966769,current,25875,60,23.13,731.37,credit_card,21.64,95.4,10,mortgage,90000.0
987843,current,25000,60,11.71,552.46,debt_consolidation,14.98,27.3,10,mortgage,93000.0
986180,current,32875,60,15.96,798.76,small_business,22.5,72.1,5,mortgage,60000.0
976982,current,12500,60,9.91,265.04,small_business,17.09,10.9,1,mortgage,42000.0
987291,current,16275,60,12.69,367.73,debt_consolidation,27.79,45.7,10,mortgage,50000.0
987383,current,16500,60,14.27,386.24,debt_consolidation,11.9,90.9,3,mortgage,47400.0
986885,current,5750,60,14.27,134.6,debt_consolidation,19.27,48.6,9,mortgage,67000.0
986347,current,20000,60,19.42,523.45,debt_consolidation,15.57,71.4,3,rent,41145.6
986814,current,30000,60,12.42,673.72,debt_consolidation,19.88,55.6,10,rent,50400.0
981365,current,19200,60,17.58,483.18,credit_card,10.47,54.1,1,mortgage,80000.0
986641,current,30000,60,13.49,690.15,debt_consolidation,15.96,30.0,1,mortgage,135000.0
889802,current,23275,60,10.65,502.01,debt_consolidation,18.99,51.5,10,rent,52446.0
986291,current,8000,60,19.42,209.38,small_business,11.38,39.1,6,rent,102000.0
986049,current,12000,60,9.91,254.44,debt_consolidation,16.18,10.0,9,mortgage,72000.0
892029,current,3350,60,12.42,75.24,debt_consolidation,11.42,32.4,5,mortgage,42996.0
985708,current,5000,60,17.58,125.83,debt_consolidation,12.47,16.6,10,rent,64000.0
985705,current,7075,60,12.42,158.89,other,12.82,94.5,9,rent,26400.0
985311,current,26200,60,22.74,734.69,debt_consolidation,17.77,56.8,4,rent,52000.0
985475,current,16200,60,12.42,363.81,debt_consolidation,23.19,76.7,3,rent,70000.0
979592,current,5000,60,14.65,118.04,debt_consolidation,18.1,53.0,1,rent,36000.0
982209,current,30000,60,16.77,741.88,home_improvement,0.95,0.0,10,mortgage,87996.0
879982,current,25000,60,14.27,585.22,debt_consolidation,15.68,93.3,10,mortgage,159000.0
984397,current,10000,60,14.27,234.09,car,12.74,76.5,2,mortgage,88000.0
985276,current,4500,60,18.25,114.89,small_business,9.76,58.9,1,rent,60000.0
985275,current,13000,60,14.27,304.32,debt_consolidation,9.69,73.1,1,mortgage,180000.0
934482,current,13000,60,17.27,324.98,debt_consolidation,12.03,76.8,10,rent,37000.0
984837,current,15000,60,18.25,382.95,home_improvement,7.13,57.0,3,mortgage,240000.0
984775,current,20000,60,17.58,503.32,debt_consolidation,18.45,92.2,4,rent,51000.0
984968,current,35000,60,11.71,773.44,home_improvement,2.68,7.3,3,mortgage,78500.0
875065,current,15000,60,18.64,386.15,debt_consolidation,21.0,32.1,10,mortgage,44004.0
980072,current,12000,60,12.69,271.14,home_improvement,9.13,4.7,3,mortgage,42996.0
984182,current,16800,60,9.91,356.21,debt_consolidation,16.97,28.7,9,mortgage,49000.0
919270,current,35000,60,19.42,916.03,credit_card,20.79,65.0,10,mortgage,110000.0
983843,current,13500,60,16.77,333.85,debt_consolidation,24.01,68.8,7,rent,61368.0
936437,current,20000,60,14.65,472.14,debt_consolidation,26.4,67.5,1,mortgage,65000.0
981817,current,23675,60,12.69,534.93,debt_consolidation,20.07,53.2,1,mortgage,52500.0
982009,current,14075,60,11.71,311.04,debt_consolidation,20.38,38.1,4,mortgage,56000.0
968937,current,18800,60,19.91,497.15,debt_consolidation,22.88,95.0,10,mortgage,60000.0
963769,current,20000,60,14.65,472.14,debt_consolidation,15.44,60.4,6,mortgage,60000.0
981456,current,25000,60,18.25,638.25,debt_consolidation,16.27,77.2,1,mortgage,101000.0
981693,current,30000,60,10.65,647.05,debt_consolidation,10.64,0.8,3,mortgage,60000.0
940996,current,16000,60,18.25,408.48,debt_consolidation,18.55,74.5,10,rent,140000.0
972774,current,21000,60,15.27,502.57,debt_consolidation,10.05,56.3,1,rent,86000.0
980395,current,30000,60,11.71,662.95,home_improvement,11.8,31.0,10,mortgage,120000.0
980397,current,4800,60,7.9,97.1,home_improvement,0.6,7.0,4,mortgage,50000.0
895586,current,16000,60,15.96,388.75,credit_card,14.6,73.6,10,rent,48000.0
980230,current,15200,60,19.03,394.55,credit_card,12.88,83.1,10,mortgage,38000.0
980174,current,25000,60,17.58,629.14,other,22.43,48.2,10,mortgage,84000.0
975945,current,17500,60,11.71,386.72,home_improvement,19.56,8.5,10,own,60996.0
979677,current,20000,60,18.25,510.6,other,1.99,70.5,10,mortgage,333676.0
979834,current,14225,60,12.42,319.46,debt_consolidation,21.99,33.0,10,mortgage,80000.0
979177,current,15000,60,19.91,396.66,debt_consolidation,18.35,70.1,10,rent,46500.0
895682,current,20000,60,20.3,533.23,debt_consolidation,20.34,61.3,5,own,65000.0
978836,current,15250,60,20.89,411.63,debt_consolidation,18.8,87.6,2,rent,30696.0
879200,current,15250,60,12.69,344.57,debt_consolidation,27.03,62.3,10,mortgage,55000.0
978592,current,12800,60,12.69,289.22,home_improvement,11.97,82.0,2,mortgage,47500.0
882969,current,17600,60,16.77,435.24,debt_consolidation,23.27,69.1,2,rent,70900.0
978420,current,12000,60,12.42,269.49,credit_card,14.41,37.9,10,mortgage,90000.0
978406,current,35000,60,14.27,819.3,debt_consolidation,11.23,41.0,10,mortgage,117500.0
976290,current,20000,60,18.64,514.86,debt_consolidation,22.35,96.0,5,rent,45000.0
977338,current,29175,60,10.65,629.26,debt_consolidation,26.14,6.5,10,own,55000.0
977281,current,12800,60,12.69,289.22,debt_consolidation,8.97,60.0,2,mortgage,55000.0
977092,current,30000,60,9.91,636.09,debt_consolidation,9.19,20.5,3,mortgage,65000.0
977063,current,4625,60,9.91,98.07,debt_consolidation,28.51,30.7,3,mortgage,50000.0
977182,current,21000,60,17.27,524.96,debt_consolidation,19.51,70.3,10,mortgage,55000.0
976489,current,20000,60,19.91,528.88,debt_consolidation,20.04,69.6,1,rent,60000.0
973519,current,20000,60,12.69,451.9,other,15.73,38.5,5,mortgage,42116.0
975094,current,30000,60,11.71,662.95,credit_card,8.04,27.8,10,mortgage,63000.0
976390,current,18500,60,11.71,408.82,home_improvement,12.0,1.8,6,own,36000.0
976194,current,12000,60,19.42,314.07,debt_consolidation,10.57,33.7,6,rent,103000.0
975777,current,12000,60,14.27,280.91,debt_consolidation,20.63,73.7,6,mortgage,72000.0
975805,current,25000,60,19.03,648.93,debt_consolidation,15.05,67.1,1,rent,50000.0
967294,current,26375,60,10.65,568.87,major_purchase,28.32,1.3,4,own,48000.0
891264,current,14000,60,14.27,327.72,debt_consolidation,17.75,32.1,10,rent,65000.0
974416,current,14000,60,14.27,327.72,credit_card,18.37,94.2,10,mortgage,82000.0
972382,current,5700,60,18.64,146.74,other,5.47,91.8,10,mortgage,107004.0
974186,current,22000,60,14.27,514.99,debt_consolidation,13.48,80.8,5,mortgage,85000.0
881286,current,31700,60,20.89,855.64,debt_consolidation,17.62,97.8,6,rent,250000.0
973573,current,35000,60,12.42,786.01,credit_card,10.97,54.6,4,rent,100000.0
893140,current,12000,60,7.9,242.75,debt_consolidation,21.0,29.0,10,rent,40000.0
973302,current,15500,60,13.49,356.58,debt_consolidation,22.46,64.0,5,rent,30720.0
973435,current,15850,60,18.64,408.03,other,23.44,48.5,2,mortgage,43000.0
973197,current,12000,60,8.9,248.52,other,24.64,38.8,7,mortgage,47148.0
970496,current,2500,60,16.77,61.83,other,0.56,61.2,8,rent,53700.0
972997,current,24000,60,18.25,612.72,wedding,0.09,12.2,5,rent,333676.0
971781,current,16800,60,20.3,447.91,home_improvement,13.7,87.1,9,mortgage,127000.0
972715,current,10000,60,11.71,220.99,other,10.83,43.1,10,mortgage,43992.0
889534,current,28000,60,14.65,660.99,debt_consolidation,8.43,48.8,2,mortgage,175000.0
972482,current,6000,60,17.27,149.99,debt_consolidation,2.18,49.9,10,mortgage,99996.0
972565,current,28000,60,12.69,632.66,home_improvement,6.66,34.3,4,mortgage,115000.0
971656,current,4450,60,19.42,116.47,debt_consolidation,12.48,77.8,4,rent,26436.0
971314,current,8600,60,10.65,185.49,debt_consolidation,24.08,37.0,10,rent,63900.0
970821,current,3875,60,19.03,100.59,debt_consolidation,14.86,86.1,10,rent,75000.0
970754,current,30000,60,22.35,834.55,debt_consolidation,22.41,77.0,10,mortgage,116000.0
893637,current,35000,60,11.71,773.44,debt_consolidation,7.29,57.8,2,mortgage,80000.0
970377,current,25200,60,13.49,579.72,wedding,4.58,44.7,8,rent,50000.0
970144,current,14500,60,17.27,362.48,debt_consolidation,9.91,70.0,3,rent,98850.0
970316,current,16000,60,15.27,382.92,home_improvement,14.79,31.3,2,mortgage,125000.0
970313,current,2000,60,14.27,46.82,other,19.31,68.2,4,rent,32004.0
967338,current,12000,60,12.42,269.49,debt_consolidation,19.5,66.2,9,rent,87996.0
970248,current,5000,60,19.42,130.87,debt_consolidation,7.8,55.8,1,rent,39996.0
969939,current,16000,60,12.69,361.52,credit_card,16.65,57.6,1,mortgage,65000.0
969535,current,21600,60,11.71,477.33,credit_card,20.82,53.0,10,mortgage,75000.0
969499,current,4000,60,12.69,90.38,major_purchase,14.81,71.3,10,mortgage,66996.0
965938,current,31025,60,22.06,857.94,debt_consolidation,20.01,99.3,3,mortgage,80000.0
968920,current,35000,60,11.71,773.44,credit_card,10.99,36.6,10,mortgage,102000.0
968865,current,21000,60,13.49,483.1,other,3.39,38.0,1,rent,68000.0
968808,current,24250,60,17.58,610.27,credit_card,16.45,53.6,10,mortgage,80000.0
968717,current,35000,60,12.42,786.01,debt_consolidation,21.36,62.8,10,mortgage,60960.48
968704,current,25000,60,18.64,643.58,debt_consolidation,21.12,18.4,1,rent,60000.0
968671,current,10800,60,17.27,269.98,home_improvement,15.53,47.4,9,mortgage,47689.56
968224,current,10000,60,8.9,207.1,other,19.39,45.3,1,mortgage,76728.0
967609,current,27000,60,10.65,582.35,debt_consolidation,24.06,54.7,10,rent,86400.0
967154,current,20000,60,16.77,494.59,debt_consolidation,21.12,60.0,5,mortgage,80000.0
967160,current,27200,60,19.03,706.04,debt_consolidation,13.36,72.6,10,mortgage,165000.0
967065,current,20125,60,10.65,434.07,other,12.65,0.0,7,mortgage,70000.0
966995,current,11625,60,9.91,246.49,vacation,9.03,38.2,10,rent,36000.0
966528,current,35000,60,20.89,944.71,debt_consolidation,14.44,82.7,9,mortgage,127000.0
965935,current,2600,60,17.27,65.0,debt_consolidation,5.36,92.3,4,mortgage,95000.0
966051,current,25000,60,14.27,585.22,debt_consolidation,18.62,45.4,10,mortgage,129996.0
966261,current,12000,60,18.25,306.36,debt_consolidation,21.23,78.3,2,rent,52000.0
965640,current,12000,60,14.65,283.28,debt_consolidation,10.13,32.7,1,mortgage,81996.0
965621,current,2600,60,19.91,68.76,debt_consolidation,16.69,73.0,9,rent,74400.0
873817,current,20000,60,12.69,451.9,home_improvement,15.18,82.5,10,mortgage,175000.0
965589,current,19100,60,22.06,528.18,other,3.93,36.1,9,mortgage,150000.0
965258,current,35000,60,20.3,933.14,debt_consolidation,19.05,68.3,8,mortgage,74000.0
965249,current,15000,60,15.96,364.46,debt_consolidation,12.62,67.9,2,rent,56000.0
949841,current,1500,60,15.96,36.45,debt_consolidation,13.75,55.8,1,own,24960.0
894190,current,24600,60,12.69,555.83,debt_consolidation,11.38,50.1,10,mortgage,43538.0
892139,current,12025,60,9.91,254.97,small_business,19.57,39.3,10,mortgage,97200.0
893034,current,11000,60,19.42,287.9,car,23.12,54.4,5,rent,62400.0
889244,current,3500,60,11.71,77.35,other,10.23,22.1,1,mortgage,44004.0
879231,current,30000,60,9.91,636.09,other,1.88,8.6,10,rent,130000.0
892757,current,20000,60,13.49,460.1,debt_consolidation,13.5,54.3,5,rent,96000.0
892708,current,4000,60,16.77,98.92,other,10.74,20.4,3,mortgage,54996.0
859988,current,20000,60,17.27,499.96,debt_consolidation,4.81,59.1,10,mortgage,291996.0
891918,current,16000,60,13.49,368.08,debt_consolidation,11.1,42.6,7,mortgage,57500.0
891745,current,15600,60,19.91,412.53,home_improvement,7.69,29.3,5,rent,123000.0
888886,current,8000,60,22.74,224.34,debt_consolidation,4.28,83.9,9,mortgage,86400.0
891393,current,15000,60,17.58,377.49,medical,14.55,99.7,10,mortgage,112000.0
890158,current,6000,60,9.91,127.22,other,9.52,27.2,3,rent,30000.0
891256,current,5000,60,18.25,127.65,debt_consolidation,4.18,87.8,1,own,24996.0
891092,current,14125,60,14.27,330.65,medical,22.62,86.7,5,rent,39036.96
882747,current,17000,60,10.65,366.67,small_business,13.02,15.1,10,own,34000.0
890959,current,30000,60,11.71,662.95,debt_consolidation,16.4,59.1,10,mortgage,125000.0
890935,current,18200,60,20.3,485.24,debt_consolidation,16.36,78.1,10,mortgage,52800.0
890643,current,12000,60,11.71,265.18,wedding,9.72,35.9,5,own,30000.0
889991,current,24000,60,13.49,552.12,small_business,19.68,33.5,2,mortgage,55000.0
851196,current,25000,60,12.42,561.44,debt_consolidation,15.89,33.0,3,mortgage,100000.0
889729,current,35000,60,10.99,760.82,debt_consolidation,20.79,48.7,10,mortgage,55000.0
887545,current,13500,60,11.71,298.33,credit_card,21.82,0.0,3,rent,72000.0
888266,current,22000,60,11.99,489.27,credit_card,26.55,38.1,10,mortgage,60000.0
837367,current,16000,60,17.27,399.97,credit_card,13.13,91.8,3,rent,150000.0
864811,current,35000,60,13.49,805.17,small_business,2.05,25.1,8,mortgage,100000.0
877617,current,12000,60,7.9,242.75,small_business,9.48,18.5,5,mortgage,40000.0
886982,current,15000,60,13.49,345.08,small_business,13.08,9.0,1,rent,50000.0
872282,current,13675,60,11.71,302.2,debt_consolidation,24.22,68.9,10,mortgage,60000.0
876837,current,7500,60,11.71,165.74,other,13.95,25.4,3,rent,18240.0
887363,current,13000,60,13.49,299.07,debt_consolidation,10.19,84.7,6,rent,25800.0
887033,current,30000,60,12.69,677.85,other,5.27,37.8,5,mortgage,150000.0
887246,current,35000,60,12.42,786.01,home_improvement,11.43,12.8,10,own,89000.0
886952,current,22400,60,18.64,369.42,debt_consolidation,18.67,64.9,9,rent,50000.0
885976,current,30000,60,14.27,702.26,debt_consolidation,18.21,41.8,5,mortgage,102000.0
859156,current,20000,60,14.27,468.17,debt_consolidation,16.86,42.2,2,rent,42000.0
885252,current,35000,60,17.27,637.45,debt_consolidation,9.75,70.3,1,mortgage,96000.0
884223,current,30000,60,12.42,500.24,debt_consolidation,18.58,65.1,2,rent,125004.0
884952,current,25000,60,10.65,454.56,small_business,0.0,0.0,7,rent,61000.0
884640,current,4000,60,14.27,93.64,home_improvement,13.25,41.8,2,mortgage,74004.0
884733,current,28000,60,9.91,593.68,other,3.94,31.6,8,mortgage,150000.0
883950,current,5000,60,14.27,117.05,other,24.29,27.3,10,mortgage,66996.0
884507,current,2000,60,16.77,49.46,other,22.96,48.9,8,own,30000.0
884143,current,10000,60,14.27,234.09,other,13.29,52.2,2,own,20400.0
883080,current,7500,60,9.91,159.03,car,27.73,39.4,6,mortgage,51721.0
882697,current,24000,60,16.77,490.88,debt_consolidation,22.12,66.8,1,mortgage,74000.0
881232,current,25000,60,12.42,561.44,debt_consolidation,6.53,19.8,10,mortgage,50000.0
883381,current,16500,60,14.65,389.51,car,4.35,30.5,10,own,110000.0
883617,current,35000,60,13.49,574.55,debt_consolidation,20.47,33.5,2,mortgage,110000.0
883253,current,25000,60,14.27,585.22,debt_consolidation,16.33,38.5,10,mortgage,108000.0
883165,current,13000,60,10.65,280.39,debt_consolidation,16.82,24.2,10,own,60000.0
882849,current,35000,60,11.71,589.47,house,1.9,25.3,6,mortgage,100000.0
882577,current,10000,60,15.96,242.97,debt_consolidation,7.01,24.8,1,mortgage,114996.0
882545,current,12000,60,13.49,276.06,other,5.72,16.2,10,mortgage,51600.0
882100,current,24700,60,17.58,621.59,debt_consolidation,19.14,59.0,10,mortgage,63000.0
882281,current,32000,60,23.52,911.69,debt_consolidation,17.65,93.9,10,mortgage,80000.0
882097,current,18000,60,23.91,516.89,home_improvement,9.46,47.3,1,mortgage,165000.0
881454,current,9400,60,10.65,202.75,small_business,24.97,18.0,10,mortgage,95000.0
875250,current,13125,60,14.27,307.24,major_purchase,7.12,61.1,4,rent,100000.0
881415,current,24000,60,13.49,552.12,debt_consolidation,4.61,67.8,10,rent,124704.0
876308,current,7000,60,10.65,150.98,major_purchase,22.18,54.4,10,own,30996.0
880641,current,19500,60,13.49,448.6,debt_consolidation,12.88,65.1,10,mortgage,90000.0
879556,current,15000,60,9.91,318.05,medical,7.28,14.0,2,mortgage,60000.0
879277,current,17000,60,13.49,391.08,major_purchase,10.92,41.6,10,mortgage,60000.0
879330,current,22800,60,12.69,515.16,debt_consolidation,16.41,63.3,5,mortgage,92000.0
853014,current,13200,60,14.27,309.0,debt_consolidation,8.66,58.4,1,mortgage,50004.0
879059,current,8125,60,19.03,210.91,debt_consolidation,19.73,96.7,6,mortgage,70000.0
878126,current,24000,60,12.99,545.96,home_improvement,15.54,18.5,3,mortgage,100000.0
878393,current,15000,60,12.99,341.22,debt_consolidation,23.95,41.9,10,rent,52000.0
878184,current,25450,60,21.36,506.97,debt_consolidation,16.89,92.3,10,mortgage,81000.0
872504,current,13000,60,7.49,260.44,other,9.09,34.7,1,mortgage,80004.0
876343,current,10000,60,17.49,251.17,other,10.83,98.0,10,mortgage,154800.0
877651,current,14000,60,7.49,280.47,home_improvement,2.4,8.5,10,mortgage,50000.0
877599,current,12075,60,10.59,260.08,debt_consolidation,27.99,33.6,10,mortgage,60000.0
877316,current,20000,60,15.23,478.22,credit_card,18.69,53.1,2,rent,40000.0
875603,current,20000,60,20.62,536.81,debt_consolidation,11.3,87.8,7,rent,65000.0
853183,current,18000,60,10.59,387.7,major_purchase,15.03,20.7,10,mortgage,48000.0
875376,current,25000,60,17.49,627.93,wedding,17.34,81.0,5,rent,65000.0
876780,current,20000,60,10.59,430.78,other,16.82,14.3,9,mortgage,87252.0
876697,current,28500,60,9.99,605.41,debt_consolidation,26.67,32.6,5,mortgage,105000.0
876457,current,14000,60,12.99,318.48,debt_consolidation,21.68,74.3,1,mortgage,95800.0
876418,current,16000,60,16.89,396.7,small_business,13.33,0.0,6,mortgage,57000.0
876159,current,18000,60,11.99,400.31,debt_consolidation,8.13,0.9,5,mortgage,52000.0
875582,current,20000,60,15.99,486.26,debt_consolidation,20.53,61.4,10,mortgage,85000.0
875175,current,20000,60,15.99,486.26,debt_consolidation,12.98,39.9,7,own,55000.0
874821,current,13600,60,8.49,278.96,credit_card,24.57,27.5,10,mortgage,103000.0
873167,current,28000,60,11.99,467.59,debt_consolidation,21.21,81.0,9,mortgage,73000.0
857636,current,15000,60,13.99,348.95,small_business,5.1,33.2,7,mortgage,60000.0
866432,current,7500,60,8.49,153.84,car,7.78,45.3,7,mortgage,70800.0
872700,current,1000,60,11.99,22.24,credit_card,6.45,70.0,5,mortgage,56196.0
872113,current,30000,60,15.99,558.59,debt_consolidation,2.64,77.8,10,mortgage,80000.0
870636,current,28000,60,11.49,485.38,debt_consolidation,10.87,35.8,7,mortgage,91000.0
871941,current,20000,60,11.99,444.79,debt_consolidation,18.55,37.5,7,mortgage,57000.0
871974,current,14000,60,10.59,301.54,major_purchase,12.66,32.6,10,mortgage,82000.0
871731,current,12000,60,15.99,291.76,wedding,9.58,82.3,5,mortgage,74000.0
871886,current,7200,60,18.39,184.37,wedding,6.6,8.9,4,mortgage,60000.0
871677,current,15075,60,10.99,327.7,home_improvement,29.0,57.5,5,mortgage,54000.0
863688,current,25000,60,13.49,575.12,major_purchase,3.05,17.6,10,rent,90000.0
871278,current,16000,60,12.99,363.97,debt_consolidation,9.57,63.9,6,rent,105000.0
871242,current,12000,60,10.99,260.85,home_improvement,13.38,41.8,1,mortgage,156000.0
870433,current,5400,60,10.59,116.31,car,1.8,10.2,2,mortgage,33360.0
870158,current,16100,60,18.39,412.26,debt_consolidation,24.07,87.6,10,mortgage,65000.0
869297,current,35000,60,16.89,554.76,credit_card,17.93,87.7,6,mortgage,114000.0
870119,current,35000,60,11.99,510.96,small_business,13.26,39.3,10,mortgage,93600.0
869981,current,15000,60,15.99,305.74,debt_consolidation,10.74,51.2,1,mortgage,80000.0
848840,current,16000,60,13.99,324.52,credit_card,19.5,96.8,6,rent,48000.0
867863,current,13000,60,7.49,260.44,medical,3.43,37.9,10,mortgage,65000.0
869138,current,4800,60,11.99,106.75,other,10.92,57.9,1,rent,29004.0
868157,current,20000,60,11.49,439.76,debt_consolidation,18.73,30.5,10,own,80000.0
868293,current,5000,60,8.49,102.56,other,17.74,16.9,4,mortgage,105000.0
868171,current,16000,60,12.99,274.12,credit_card,16.63,84.7,1,rent,48000.0
867996,current,22350,60,10.59,351.62,debt_consolidation,15.36,49.6,3,mortgage,55000.0
866203,current,15000,60,17.99,380.82,debt_consolidation,9.65,88.9,1,rent,45000.0
867802,current,12000,60,12.99,272.98,debt_consolidation,16.83,61.6,5,rent,81500.0
867531,current,35000,60,11.49,552.99,major_purchase,2.92,28.5,10,mortgage,144000.0
867397,current,25000,60,19.29,652.51,debt_consolidation,20.19,29.9,10,rent,80000.0
864607,current,7600,60,15.99,184.78,moving,16.3,75.3,2,rent,48000.0
863089,current,30000,60,12.99,525.48,debt_consolidation,9.06,58.0,8,mortgage,80004.0
867296,current,35000,60,11.49,496.92,debt_consolidation,11.04,27.7,3,mortgage,170000.0
859342,current,5000,60,17.49,125.59,debt_consolidation,24.32,92.1,7,rent,29162.92
865845,current,10000,60,11.49,219.88,debt_consolidation,25.34,37.3,2,rent,60000.0
844775,current,35000,60,16.49,666.72,debt_consolidation,20.49,59.9,3,rent,98000.0
863251,current,18000,60,16.49,428.91,medical,16.82,41.5,8,mortgage,150000.0
865681,current,15000,60,10.99,228.25,credit_card,20.44,27.7,4,rent,70000.0
863011,current,10500,60,11.49,230.87,debt_consolidation,11.61,29.2,4,own,40000.0
865507,current,20000,60,11.99,444.79,home_improvement,15.06,63.8,10,mortgage,175000.0
865284,current,13000,60,9.99,216.14,major_purchase,17.79,6.9,2,rent,40000.0
864440,current,35000,60,11.49,495.28,other,5.02,33.5,5,mortgage,71516.0
860402,current,14125,60,8.49,289.73,credit_card,13.58,4.4,10,mortgage,78000.0
862035,current,9200,60,14.79,217.86,small_business,8.61,35.6,4,own,40000.0
863379,current,16000,60,15.99,389.01,debt_consolidation,9.63,80.2,10,mortgage,38000.0
861191,current,15000,60,16.89,371.91,debt_consolidation,15.24,74.3,10,mortgage,54000.0
863509,current,8000,60,15.99,194.51,other,15.17,25.4,8,mortgage,33696.0
854646,current,13700,60,10.99,297.81,debt_consolidation,29.65,64.7,7,mortgage,78804.0
863195,current,5600,60,16.89,138.85,debt_consolidation,21.83,63.8,5,rent,36000.0
863103,current,20000,60,16.89,495.87,debt_consolidation,18.04,73.0,2,rent,62208.0
862586,current,11200,60,13.49,257.66,other,12.02,53.2,5,mortgage,110004.0
862897,current,35000,60,19.29,567.69,debt_consolidation,20.62,68.2,5,rent,65000.0
862963,current,18000,60,10.99,391.28,debt_consolidation,10.92,76.7,3,own,80000.0
862109,current,35000,60,10.99,498.34,debt_consolidation,16.69,34.2,10,mortgage,74000.0
861845,current,15000,60,11.49,329.82,debt_consolidation,7.84,36.4,10,mortgage,120000.0
862027,current,6175,60,11.99,137.33,other,20.54,30.9,10,mortgage,50880.0
836494,current,18000,60,15.99,437.63,debt_consolidation,16.75,87.3,5,rent,139500.0
862181,current,6000,60,18.39,153.64,major_purchase,3.86,99.5,5,rent,60000.0
861800,current,15000,60,11.99,333.6,home_improvement,14.99,75.8,10,mortgage,95000.0
861770,current,19000,60,10.99,413.02,debt_consolidation,21.45,51.5,8,mortgage,62000.0
861528,current,21125,60,12.99,480.56,debt_consolidation,13.81,33.4,1,mortgage,62400.0
855789,current,12000,60,13.49,276.06,small_business,9.36,88.1,5,rent,120000.0
860830,current,22000,60,20.62,590.49,debt_consolidation,5.23,0.4,7,rent,148000.0
858269,current,13250,60,11.99,294.68,debt_consolidation,20.62,43.5,10,mortgage,55000.0
860547,current,9000,60,16.89,223.15,home_improvement,2.88,49.8,10,mortgage,60000.0
819635,current,14750,60,11.99,328.04,debt_consolidation,24.0,69.4,5,rent,62100.0
860439,current,14000,60,11.99,311.36,debt_consolidation,12.97,89.0,10,rent,68000.0
855539,current,5100,60,11.49,112.14,car,10.62,35.7,8,own,60000.0
856139,current,23600,60,11.49,518.91,debt_consolidation,19.94,51.4,5,mortgage,68004.0
859681,current,20000,60,11.99,444.79,debt_consolidation,8.8,63.7,10,rent,74600.0
859544,current,14300,60,20.25,380.86,debt_consolidation,20.72,87.8,10,mortgage,58500.0
859323,current,10700,60,17.99,271.66,small_business,10.32,94.3,1,rent,50000.0
859209,current,29175,60,11.99,648.84,debt_consolidation,20.44,70.1,1,mortgage,93000.0
857473,current,8325,60,16.89,206.41,other,20.53,61.8,2,own,27000.0
857831,current,6000,60,10.99,130.43,home_improvement,17.11,33.0,6,mortgage,42996.0
856595,current,2000,60,20.25,53.27,other,8.89,98.3,2,rent,39000.0
857224,current,25000,60,16.89,619.84,medical,5.05,21.2,2,mortgage,130000.0
857174,current,17200,60,19.69,452.74,home_improvement,9.95,52.9,2,rent,44000.0
825876,current,14550,60,11.99,323.59,debt_consolidation,12.91,0.0,9,mortgage,58000.0
846262,current,14400,60,13.49,331.27,home_improvement,9.27,27.3,3,mortgage,62000.0
856907,current,20000,60,11.99,444.79,debt_consolidation,4.03,25.3,7,rent,46800.0
856049,current,30000,60,10.59,502.93,major_purchase,0.0,0.0,1,mortgage,68496.0
852813,current,6325,60,12.99,143.89,other,14.48,51.2,4,rent,59496.0
855688,current,35000,60,12.99,796.18,small_business,15.44,0.0,9,rent,85000.0
855468,current,12800,60,19.69,336.92,small_business,20.34,85.3,1,rent,60000.0
855460,current,22200,60,22.11,614.53,other,3.76,96.0,3,rent,82000.0
854165,current,20000,60,11.99,444.79,debt_consolidation,8.58,44.7,10,own,135000.0
855254,current,21000,60,15.99,510.57,debt_consolidation,12.97,40.2,10,mortgage,135000.0
854712,current,20000,60,18.39,512.13,debt_consolidation,15.77,78.2,10,mortgage,90000.0
854535,current,6800,60,17.99,172.64,debt_consolidation,14.1,94.5,1,own,69000.0
854851,current,8000,60,10.99,173.9,medical,0.22,0.1,3,rent,192000.0
854792,current,18225,60,13.49,320.35,debt_consolidation,20.11,22.1,10,mortgage,48383.0
854441,current,30000,60,17.99,761.64,debt_consolidation,19.04,73.0,9,mortgage,105000.0
854285,current,20000,60,11.99,444.79,moving,29.51,26.9,4,rent,56000.0
833322,current,29700,60,20.62,530.77,debt_consolidation,17.23,24.6,2,mortgage,125000.0
853969,current,12000,60,11.49,263.86,other,8.33,10.61,3,own,28800.0
853576,current,23675,60,16.89,586.99,debt_consolidation,24.35,78.7,3,rent,52000.0
853508,current,29100,60,13.99,450.73,debt_consolidation,17.41,46.0,7,rent,52872.0
834630,current,10000,60,13.49,189.22,major_purchase,4.69,40.2,10,mortgage,163008.0
853071,current,4300,60,11.49,94.55,vacation,13.18,43.8,10,mortgage,48000.0
852429,current,5000,60,15.99,121.57,other,21.17,16.6,10,rent,42000.0
852324,current,20000,60,18.39,512.13,debt_consolidation,15.25,90.1,10,mortgage,76000.0
842916,current,3250,60,12.99,73.94,debt_consolidation,24.59,85.4,9,mortgage,45000.0
852040,current,14000,60,13.49,322.07,debt_consolidation,10.45,91.3,8,rent,63500.0
851790,current,13800,60,12.99,313.93,credit_card,19.31,72.6,5,rent,43000.0
840686,current,12000,60,10.59,258.47,other,12.26,50.7,6,mortgage,82500.0
706472,current,14000,60,16.49,344.11,credit_card,18.84,83.7,2,mortgage,120421.9
851035,current,25000,60,20.99,676.2,debt_consolidation,19.69,88.2,10,rent,73328.76
842788,current,12000,60,19.29,313.21,home_improvement,24.02,94.9,7,mortgage,72000.0
850617,current,25000,60,12.99,491.36,other,4.7,0.0,10,mortgage,96682.0
850888,current,25000,60,19.69,658.05,debt_consolidation,10.65,32.5,4,mortgage,96000.0
845642,current,7600,60,21.36,207.15,debt_consolidation,5.58,71.8,10,rent,100000.0
834632,current,21000,60,11.49,374.89,debt_consolidation,8.44,80.1,3,mortgage,200000.0
850025,current,8700,60,12.99,197.91,car,3.83,44.5,2,rent,46000.0
841960,current,12000,60,11.99,266.88,car,20.94,80.5,5,mortgage,37080.0
842409,current,10000,60,16.49,245.8,debt_consolidation,13.07,21.2,8,rent,48000.0
849141,current,6350,60,12.99,144.45,small_business,24.12,52.8,4,rent,20000.0
845396,current,15000,60,11.99,333.6,debt_consolidation,22.7,32.7,1,mortgage,36000.0
847337,current,12725,60,10.59,274.08,debt_consolidation,13.82,15.9,5,rent,25000.0
848107,current,16000,60,11.49,351.81,debt_consolidation,14.83,33.9,5,mortgage,42000.0
847584,current,25000,60,18.39,640.16,debt_consolidation,21.67,59.1,7,rent,90000.0
847795,current,25000,60,11.99,555.99,home_improvement,2.7,7.0,10,mortgage,48000.0
846731,current,21000,60,19.29,548.11,debt_consolidation,24.88,96.3,10,mortgage,113713.0
840738,current,12000,60,13.49,276.06,medical,6.14,60.9,10,own,139000.0
846546,current,4500,60,9.99,95.59,car,7.55,34.7,10,mortgage,72000.0
845948,current,25000,60,15.23,597.78,debt_consolidation,17.97,68.6,10,mortgage,107004.0
845489,current,30000,60,11.99,667.19,home_improvement,4.53,36.3,10,mortgage,63874.0
841575,current,17000,60,9.99,361.12,debt_consolidation,23.52,74.8,10,mortgage,75000.0
843113,current,15000,60,19.69,394.83,other,15.09,86.0,1,rent,45000.0
844956,current,4100,60,22.11,113.5,wedding,8.88,54.1,2,rent,150000.0
844314,current,3600,60,10.59,77.54,other,19.3,66.9,4,mortgage,63000.0
844364,current,10200,60,20.62,273.77,other,5.29,38.9,3,mortgage,215000.0
844222,current,25000,60,11.49,549.69,debt_consolidation,20.09,20.5,10,mortgage,96660.0
844165,current,12800,60,11.99,284.67,debt_consolidation,20.4,83.9,1,mortgage,69996.0
844151,current,16000,60,13.49,368.08,debt_consolidation,6.76,46.1,3,rent,52000.0
844013,current,34000,60,18.79,878.06,debt_consolidation,4.82,80.2,10,mortgage,151000.0
837686,current,5000,60,10.99,108.69,other,16.39,18.8,10,mortgage,22992.0
843785,current,1500,60,8.49,30.77,other,22.01,70.2,10,mortgage,65304.0
843290,current,15000,60,10.99,326.07,debt_consolidation,13.42,34.7,10,rent,80400.0
843307,current,5175,60,11.99,115.09,debt_consolidation,4.93,42.3,8,rent,46000.0
831941,current,24000,60,17.99,609.32,small_business,24.33,54.4,2,mortgage,70000.0
842873,current,20000,60,17.99,507.76,credit_card,18.04,83.3,7,rent,54000.0
842446,current,8000,60,11.99,177.92,other,1.05,10.9,10,own,24000.0
842347,current,1800,60,20.25,47.94,debt_consolidation,2.63,53.7,2,mortgage,32000.0
841714,current,15000,60,18.39,384.1,debt_consolidation,6.96,97.7,3,mortgage,32076.0
841663,current,18000,60,11.49,395.78,debt_consolidation,6.18,37.1,10,mortgage,57500.0
841271,current,12000,60,15.99,291.76,wedding,12.0,18.8,1,mortgage,56000.0
840966,current,35000,60,13.49,805.17,debt_consolidation,6.32,4.7,10,rent,120000.0
819525,current,16000,60,10.99,347.8,debt_consolidation,10.76,25.5,10,rent,29000.0
839976,current,20050,60,17.49,503.6,debt_consolidation,16.48,77.5,10,mortgage,85000.0
839927,current,3200,60,17.49,80.38,debt_consolidation,7.9,61.9,3,rent,31308.0
839935,current,30000,60,11.99,667.19,debt_consolidation,6.85,62.8,1,mortgage,162500.0
839657,current,21200,60,16.49,521.08,debt_consolidation,26.8,89.6,1,mortgage,48000.0
839584,current,10000,60,22.11,276.82,major_purchase,9.15,98.5,1,rent,40008.0
838997,current,3600,60,17.49,90.43,debt_consolidation,3.34,88.2,1,rent,69996.0
839265,current,14075,60,10.59,303.16,debt_consolidation,22.08,23.7,4,mortgage,53000.0
839198,current,1800,60,9.99,38.24,car,26.2,17.5,5,mortgage,36000.0
838549,current,17400,60,18.39,445.55,debt_consolidation,15.36,55.0,1,rent,70000.0
838989,current,20000,60,16.49,491.59,debt_consolidation,16.13,20.8,6,rent,57600.0
838987,current,25000,60,18.79,645.63,small_business,3.63,21.2,10,mortgage,78000.0
838686,current,13700,60,16.49,336.74,credit_card,17.82,84.4,10,mortgage,86000.0
837805,current,7500,60,12.99,170.61,other,19.45,87.6,5,mortgage,159996.0
837521,current,10075,60,11.99,224.07,house,24.29,39.7,1,mortgage,70000.0
837588,current,12000,60,13.49,276.06,other,25.32,74.5,10,mortgage,80000.0
787441,current,21300,60,20.62,571.7,other,14.48,73.0,10,mortgage,90060.0
837048,current,30000,60,20.25,799.0,debt_consolidation,10.46,90.6,5,mortgage,150000.0
836704,current,25000,60,15.99,607.82,debt_consolidation,15.18,40.6,10,rent,125000.0
836548,current,25000,60,15.99,607.82,debt_consolidation,28.72,88.2,3,rent,75000.0
831180,current,2500,60,11.49,54.97,other,9.46,0.1,3,rent,50004.0
815548,current,7000,60,10.99,152.17,debt_consolidation,22.23,0.0,2,mortgage,44904.0
834810,current,16000,60,17.49,401.87,home_improvement,21.68,65.7,7,own,63000.0
834822,current,20000,60,15.23,478.22,debt_consolidation,24.77,78.6,4,rent,47000.0
834690,current,12000,60,13.99,279.16,other,7.4,13.5,10,rent,42000.0
818608,current,9800,60,9.99,208.18,car,19.1,12.0,10,mortgage,48000.0
834105,current,35000,60,10.99,760.82,credit_card,14.35,22.9,10,mortgage,168000.0
823812,current,12000,60,15.99,291.76,major_purchase,14.72,43.6,9,mortgage,95000.0
833724,current,14000,60,10.59,301.54,debt_consolidation,12.2,23.8,10,rent,32256.0
833578,current,20000,60,11.49,439.76,home_improvement,5.61,8.7,10,mortgage,159000.0
812710,current,24500,60,19.29,639.46,debt_consolidation,12.82,52.6,5,mortgage,60000.0
814210,current,20000,60,10.99,434.75,debt_consolidation,14.13,0.5,5,mortgage,45000.0
833244,current,10000,60,17.99,253.88,major_purchase,24.57,60.0,2,rent,50004.0
833112,current,6000,60,16.89,148.77,car,10.53,83.7,4,rent,18000.0
832773,current,1000,60,10.99,21.74,car,5.34,6.3,10,mortgage,60000.0
831655,current,8000,60,18.39,204.85,debt_consolidation,8.79,83.0,7,rent,79010.0
828995,current,2800,60,12.99,63.7,major_purchase,17.79,51.7,1,mortgage,62604.0
832080,current,14000,60,15.23,334.76,credit_card,9.47,13.7,10,own,65000.0
824387,current,20000,60,17.99,507.76,home_improvement,20.71,60.8,10,mortgage,61000.0
831767,current,12000,60,17.49,301.41,home_improvement,10.25,47.5,6,mortgage,275000.0
831274,current,17000,60,17.99,431.6,debt_consolidation,1.51,77.4,6,mortgage,85000.0
831199,current,20000,60,18.39,512.13,home_improvement,17.63,75.4,8,mortgage,85000.0
831189,current,18000,60,11.99,400.31,home_improvement,7.99,68.3,10,mortgage,85000.0
829790,current,7000,60,15.99,170.19,other,18.69,73.4,10,rent,49500.0
831048,current,14400,60,16.89,357.03,other,3.05,55.2,3,rent,48000.0
830156,current,13000,60,10.59,280.01,other,5.97,0.0,5,mortgage,121908.0
829594,current,12000,60,13.49,276.06,debt_consolidation,10.81,76.5,10,rent,126000.0
829417,current,20000,60,11.99,444.79,home_improvement,15.35,0.0,10,mortgage,39000.0
827017,current,7500,60,9.99,159.32,debt_consolidation,15.09,30.1,7,rent,51996.0
825982,current,5000,60,12.99,113.74,debt_consolidation,12.72,34.0,4,rent,45000.0
829225,current,22800,60,12.99,518.66,debt_consolidation,18.14,76.5,1,mortgage,102000.0
813141,current,17225,60,11.49,378.74,debt_consolidation,17.21,47.7,10,rent,81096.0
826640,current,3600,60,15.99,87.53,other,12.54,82.7,1,rent,40000.0
827723,current,12000,60,10.99,260.85,other,21.55,65.6,2,rent,45000.0
827474,current,13400,60,22.11,370.94,other,5.47,80.4,1,rent,100000.0
824729,current,10000,60,11.99,222.4,other,13.72,22.9,10,rent,30000.0
825319,current,12000,60,11.99,266.88,debt_consolidation,21.5,43.5,3,rent,36000.0
826833,current,23500,60,13.49,540.62,debt_consolidation,10.78,71.9,10,mortgage,68000.0
826578,current,14400,60,18.39,368.73,credit_card,14.92,76.8,6,rent,73923.0
825531,current,10000,60,16.89,247.94,car,5.56,3.5,1,rent,30000.0
825167,current,10000,60,16.49,245.8,car,15.53,40.8,10,rent,96000.0
825886,current,15350,60,16.89,380.58,home_improvement,17.36,61.2,10,mortgage,84000.0
825763,current,6000,60,15.99,145.88,car,24.02,29.3,1,mortgage,72500.0
824905,current,20000,60,22.11,553.63,major_purchase,10.43,39.7,6,own,81996.0
825061,current,12000,60,15.99,291.76,home_improvement,13.17,86.3,10,mortgage,115000.0
824996,current,20000,60,14.79,473.6,debt_consolidation,12.41,62.8,10,mortgage,64000.0
823960,current,10000,60,11.99,222.4,car,14.12,34.5,10,mortgage,93000.0
823877,current,12000,60,18.79,309.91,other,20.02,59.7,10,mortgage,68148.0
814974,current,6500,60,17.99,165.03,car,19.63,69.6,2,rent,49200.0
822845,current,30000,60,19.29,783.02,home_improvement,1.72,44.6,4,own,38400.0
803343,current,13325,60,16.89,330.38,debt_consolidation,15.34,80.9,7,rent,42000.0
822168,current,16000,60,12.99,363.97,debt_consolidation,19.11,89.5,1,mortgage,55000.0
819983,current,10000,60,19.69,263.22,other,24.84,67.1,1,rent,33000.0
821256,current,15000,60,17.49,376.76,debt_consolidation,22.33,32.8,4,rent,62500.0
821051,current,7000,60,11.99,155.68,other,11.78,36.1,8,mortgage,75000.0
821026,current,7700,60,10.99,167.38,other,15.49,43.0,6,rent,32000.0
798550,current,24000,60,16.49,589.91,debt_consolidation,15.04,89.8,1,rent,84000.0
820615,current,12000,60,13.49,276.06,debt_consolidation,5.55,46.1,7,rent,60500.0
815985,current,26000,60,20.62,697.85,debt_consolidation,22.91,67.3,10,mortgage,64800.0
801342,current,24250,60,12.99,551.64,debt_consolidation,9.43,83.0,10,mortgage,180000.0
813159,current,9000,60,20.99,243.43,debt_consolidation,13.3,90.2,10,rent,81000.0
819821,current,3500,60,11.49,76.96,other,23.59,74.9,10,rent,38004.0
819721,current,12000,60,16.89,297.53,debt_consolidation,13.81,25.9,6,mortgage,38400.0
819430,current,12000,60,19.29,313.21,debt_consolidation,6.16,81.9,1,mortgage,49646.0
817911,current,12000,60,13.49,276.06,moving,17.43,45.5,10,rent,54257.0
815288,current,11875,60,11.49,261.11,home_improvement,8.83,47.7,4,mortgage,42000.0
682952,current,18000,60,20.99,486.86,wedding,6.0,77.6,4,rent,80000.0
817942,current,13500,60,10.59,290.77,home_improvement,11.59,19.1,10,mortgage,61000.0
817184,current,4000,60,20.25,106.54,small_business,5.52,39.0,3,rent,40000.0
815394,current,4800,60,9.99,101.97,major_purchase,27.23,18.2,10,rent,20004.0
816541,current,27000,60,11.49,593.67,renewable_energy,7.99,54.3,6,mortgage,109000.0
816600,current,35000,60,20.62,939.41,other,15.83,64.7,10,mortgage,184000.0
816399,current,16000,60,12.99,363.97,debt_consolidation,19.94,23.7,10,mortgage,69390.0
809779,current,16000,60,14.79,378.88,debt_consolidation,16.21,49.9,10,mortgage,87000.0
815918,current,6000,60,10.99,130.43,car,19.11,65.9,2,mortgage,53640.0
814714,current,8000,60,18.79,206.61,other,18.42,31.7,7,mortgage,54996.0
815142,current,12000,60,10.59,258.47,other,16.81,26.6,9,mortgage,22063.8
812051,current,14000,60,13.99,234.96,debt_consolidation,20.54,33.2,7,mortgage,82420.0
814523,current,35000,60,19.69,777.15,home_improvement,10.11,48.3,5,mortgage,120000.0
813978,current,20000,60,17.99,324.97,credit_card,15.26,64.0,10,mortgage,49000.0
812894,current,4200,60,13.99,97.71,debt_consolidation,17.89,46.7,1,own,11808.0
777793,current,15000,60,19.29,391.51,wedding,15.57,70.9,9,mortgage,75000.0
812314,current,13650,60,16.49,253.78,major_purchase,4.77,19.8,2,rent,40000.0
813179,current,23000,60,19.69,605.4,debt_consolidation,15.36,99.1,4,mortgage,65000.0
812608,current,35000,60,19.69,617.91,small_business,15.77,0.0,2,mortgage,90000.0
811676,current,6075,60,15.99,147.7,debt_consolidation,13.92,70.2,3,mortgage,45000.0
812394,current,35000,60,21.36,697.77,medical,9.66,70.6,4,mortgage,214200.0
811881,current,18000,60,18.39,319.44,debt_consolidation,16.44,53.3,10,rent,53000.0
811825,current,12000,60,13.49,276.06,major_purchase,11.67,11.8,10,mortgage,110000.0
811564,current,25000,60,19.29,652.51,debt_consolidation,6.47,35.7,8,mortgage,333676.0
799961,current,13750,60,12.99,191.09,debt_consolidation,14.88,23.3,10,mortgage,55000.0
810631,current,17000,60,11.99,378.07,debt_consolidation,15.12,49.7,10,mortgage,81000.0
807138,current,24000,60,15.23,444.15,debt_consolidation,14.15,51.5,10,mortgage,76000.0
810333,current,9725,60,17.49,244.27,small_business,1.29,88.6,1,mortgage,70000.0
809996,current,18575,60,11.99,360.84,debt_consolidation,14.68,61.3,7,rent,56000.0
809667,current,9175,60,10.59,197.62,other,10.03,14.9,3,own,50000.0
809092,current,13500,60,13.49,263.41,home_improvement,17.23,41.5,10,own,50004.0
808952,current,25000,60,10.99,543.44,small_business,10.4,1.2,5,mortgage,63000.0
808861,current,12000,60,15.23,286.93,wedding,20.31,73.1,1,rent,90000.0
808531,current,25000,60,12.99,568.7,major_purchase,21.87,38.9,5,mortgage,75600.0
808396,current,28000,60,11.49,543.65,debt_consolidation,18.36,48.5,10,mortgage,100000.0
808395,current,24250,60,20.62,453.6,debt_consolidation,21.5,18.4,5,mortgage,58000.0
806698,current,5000,60,15.99,121.57,other,16.71,44.9,4,rent,39996.0
807705,current,15000,60,16.49,274.68,small_business,16.91,38.4,1,rent,55000.0
786035,current,25000,60,15.23,597.78,debt_consolidation,24.37,47.7,10,mortgage,84000.0
795595,current,14000,60,10.59,301.54,car,7.84,24.9,10,mortgage,53280.0
807510,current,14000,60,10.99,304.33,debt_consolidation,12.4,22.2,4,rent,27000.0
807257,current,35000,60,17.49,797.46,credit_card,17.76,66.2,10,mortgage,65000.0
788059,current,19750,60,19.69,519.86,home_improvement,6.55,61.3,10,mortgage,90000.0
806864,current,16000,60,13.49,368.08,home_improvement,7.24,68.2,1,mortgage,300000.0
806636,current,19200,60,21.74,527.45,debt_consolidation,16.12,70.3,2,rent,72000.0
806476,current,18000,60,16.89,446.29,debt_consolidation,21.27,56.9,2,rent,48000.0
806426,current,18225,60,18.79,470.67,credit_card,21.99,94.4,10,mortgage,68000.0
806358,current,35000,60,18.39,896.22,debt_consolidation,19.94,22.0,10,mortgage,75000.0
805996,current,33950,60,21.74,631.16,debt_consolidation,22.79,69.8,10,mortgage,180000.0
799585,current,35000,60,12.99,796.18,home_improvement,9.67,17.4,10,mortgage,85000.0
803014,current,16550,60,10.99,359.76,home_improvement,16.8,15.1,5,own,30000.0
798390,current,25000,60,14.79,592.0,debt_consolidation,9.83,39.9,1,mortgage,143000.0
801189,current,9600,60,16.89,238.02,home_improvement,19.43,19.3,4,own,48000.0
805364,current,16000,60,14.79,378.88,credit_card,21.86,56.4,7,mortgage,47000.0
805082,current,21000,60,20.99,568.01,credit_card,17.63,83.4,10,rent,98000.0
804708,current,7000,60,14.79,165.76,car,14.14,30.6,1,own,25200.0
804307,current,24000,60,17.99,609.32,debt_consolidation,12.71,0.0,6,rent,78000.0
804308,current,13300,60,11.99,295.79,debt_consolidation,15.94,32.6,10,rent,35000.0
803608,current,12000,60,20.99,324.58,debt_consolidation,15.53,95.8,4,mortgage,89000.0
774287,current,23500,60,15.23,561.91,debt_consolidation,10.88,43.4,10,mortgage,73000.0
803452,current,24250,60,12.99,551.64,wedding,19.86,23.4,1,mortgage,100000.0
802509,current,13075,60,11.99,290.79,debt_consolidation,22.52,50.2,10,mortgage,87500.0
801073,current,2500,60,10.99,54.35,car,17.43,63.2,6,rent,33600.0
802351,current,6200,60,17.49,155.73,debt_consolidation,2.25,45.4,1,rent,41600.0
802236,current,22000,60,13.49,506.11,credit_card,10.78,68.1,10,mortgage,59000.0
802002,current,10000,60,19.29,261.01,other,16.21,45.1,4,mortgage,84996.0
801915,current,12000,60,13.99,279.16,credit_card,9.79,19.7,2,mortgage,95000.0
798045,current,8000,60,9.99,169.94,car,10.15,40.7,3,mortgage,55200.0
801037,current,18825,60,13.49,426.17,debt_consolidation,22.48,67.5,4,rent,30000.0
801429,current,12000,60,11.99,266.88,credit_card,13.02,36.9,10,rent,47000.0
801290,current,5500,60,15.99,133.73,debt_consolidation,17.95,66.0,10,rent,51000.0
800631,current,16000,60,10.99,347.8,other,24.1,35.5,10,rent,69996.0
795007,current,11500,60,11.99,255.76,small_business,27.68,43.4,10,own,80000.0
800472,current,12000,60,13.49,276.06,debt_consolidation,17.86,22.0,2,mortgage,75000.0
800358,current,12000,60,11.49,263.86,major_purchase,24.04,51.7,3,rent,30000.0
798525,current,17000,60,13.49,391.08,small_business,9.07,41.8,1,rent,52000.0
772278,current,20000,60,16.89,495.87,debt_consolidation,20.15,63.7,1,mortgage,90000.0
744759,current,35000,60,16.89,867.78,debt_consolidation,16.84,90.8,1,rent,65000.0
751480,current,35000,60,13.49,805.17,debt_consolidation,7.29,40.6,10,mortgage,135000.0
797932,current,15000,60,10.99,326.07,vacation,0.0,0.0,10,mortgage,75000.0
786563,current,12200,60,11.49,268.25,debt_consolidation,21.52,65.9,8,mortgage,48000.0
790479,current,19425,60,16.89,481.62,debt_consolidation,23.03,90.0,10,rent,34500.0
796556,current,12000,60,10.99,260.85,home_improvement,9.73,11.4,9,mortgage,115000.0
795696,current,12000,60,11.49,263.86,debt_consolidation,17.38,36.6,10,own,35000.0
796502,current,12400,60,17.99,314.82,debt_consolidation,9.63,46.8,10,rent,75000.0
795569,current,14400,60,17.49,361.69,home_improvement,24.99,83.4,5,mortgage,52000.0
782224,current,12000,60,10.59,258.47,debt_consolidation,13.29,21.7,3,mortgage,42000.0
794550,current,12000,60,10.59,258.47,debt_consolidation,16.79,8.7,10,mortgage,45600.0
782414,current,24250,60,11.99,539.31,debt_consolidation,22.91,87.4,2,rent,55000.0
793421,current,11750,60,17.99,298.31,major_purchase,23.73,62.3,9,rent,33523.2
792975,current,20000,60,17.49,502.34,debt_consolidation,12.25,74.7,10,mortgage,108996.0
792945,current,20000,60,18.39,512.13,wedding,4.96,35.7,3,rent,57040.5
790807,current,5125,60,11.49,112.69,car,8.43,79.6,10,mortgage,72000.0
779698,current,25000,60,21.36,681.41,other,24.84,46.8,10,mortgage,100000.0
792534,current,15000,60,12.99,341.22,debt_consolidation,14.77,70.1,10,mortgage,103000.0
792374,current,12000,60,11.49,263.86,debt_consolidation,25.01,60.6,10,mortgage,44000.0
790502,current,30000,60,11.99,667.19,debt_consolidation,21.7,82.9,10,mortgage,150000.0
791421,current,30000,60,20.99,497.01,debt_consolidation,16.46,71.5,10,mortgage,156000.0
779854,current,12000,60,19.69,315.87,small_business,15.62,51.2,4,rent,54000.0
790821,current,5450,60,7.49,109.19,other,2.48,6.2,10,mortgage,55200.0
790741,current,17100,60,10.99,371.72,debt_consolidation,27.37,50.1,10,mortgage,46608.0
790629,current,18000,60,13.99,418.74,home_improvement,27.73,63.4,10,mortgage,110000.0
788089,current,12000,60,10.59,258.47,small_business,1.71,9.2,1,mortgage,108000.0
787054,current,1000,60,11.49,21.99,car,8.1,32.6,10,mortgage,84000.0
788563,current,14500,60,16.49,356.4,debt_consolidation,20.2,55.3,10,rent,30000.0
788667,current,13000,60,12.99,295.73,debt_consolidation,9.82,29.6,5,rent,60000.0
788621,current,8500,60,12.99,193.36,debt_consolidation,17.17,26.2,2,mortgage,55000.0
788495,current,25000,60,15.23,413.66,home_improvement,10.53,11.4,10,mortgage,66000.0
786538,current,15000,60,16.49,368.69,debt_consolidation,20.43,57.9,9,mortgage,48000.0
787285,current,15550,60,13.99,361.75,debt_consolidation,23.52,55.5,10,rent,48000.0
788122,current,22400,60,12.99,509.56,debt_consolidation,14.54,27.4,10,mortgage,60000.0
788117,current,12000,60,9.99,254.91,moving,11.86,3.5,1,rent,35000.0
785079,current,18000,60,18.39,419.94,small_business,9.3,25.8,4,rent,48000.0
787553,current,15000,60,13.49,345.08,debt_consolidation,13.68,12.8,10,rent,90000.0
787327,current,16000,60,16.89,396.7,medical,13.67,53.3,10,mortgage,51000.0
787342,current,13000,60,10.99,282.59,major_purchase,18.15,5.9,10,own,25848.0
787212,current,12000,60,10.99,260.85,home_improvement,4.04,14.0,1,mortgage,41000.0
787098,current,12000,60,16.49,294.96,credit_card,20.29,89.7,3,rent,41750.0
787064,current,15000,60,11.49,211.64,credit_card,8.09,45.2,9,mortgage,55000.0
787050,current,20000,60,18.39,363.61,debt_consolidation,19.58,54.9,8,mortgage,73000.0
733727,current,8000,60,16.49,196.64,debt_consolidation,11.71,96.5,5,own,84875.0
786626,current,4000,60,18.79,103.31,debt_consolidation,5.55,75.1,1,own,24000.0
782786,current,35000,60,17.99,543.31,small_business,7.11,51.6,5,rent,65000.0
786427,current,12000,60,16.49,294.96,small_business,23.83,2.0,4,rent,55000.0
781137,current,24000,60,13.49,358.3,home_improvement,18.74,31.4,9,mortgage,68004.0
785849,current,15000,60,12.99,268.43,debt_consolidation,13.86,57.5,7,rent,42500.0
785035,current,24000,60,15.99,384.75,debt_consolidation,22.52,50.7,10,mortgage,87500.0
783644,current,12175,60,14.79,288.31,other,20.79,26.4,6,rent,28800.0
785018,current,19950,60,10.99,433.67,debt_consolidation,5.0,36.7,7,mortgage,130000.0
784725,current,25000,60,19.69,451.42,home_improvement,19.27,65.5,10,mortgage,73000.0
775135,current,28000,60,11.99,391.42,home_improvement,13.67,27.2,2,mortgage,107000.0
784098,current,25500,60,18.79,516.51,debt_consolidation,18.02,61.1,10,rent,51000.0
760372,current,20000,60,19.69,526.44,debt_consolidation,23.26,68.9,10,rent,58000.0
781558,current,6400,60,22.94,180.2,small_business,2.8,79.8,3,rent,66000.0
781524,current,12000,60,16.11,292.52,home_improvement,14.6,82.7,6,own,36000.0
779386,current,25000,60,24.59,556.03,other,14.95,52.1,6,mortgage,200000.0
776960,current,24250,60,18.07,616.72,debt_consolidation,22.17,82.7,5,mortgage,48504.0
780524,current,12000,60,8.49,246.15,major_purchase,12.58,12.9,10,own,54000.0
780011,current,22000,60,14.82,521.31,wedding,1.2,4.0,5,own,49000.0
773205,current,9000,60,16.49,221.22,other,6.6,61.0,5,rent,54000.0
778303,current,19000,60,14.79,449.92,credit_card,26.66,70.3,10,mortgage,41820.0
777639,current,20000,60,13.99,465.27,debt_consolidation,6.97,53.8,5,rent,90000.0
779194,current,30000,60,16.49,454.72,small_business,19.76,43.9,10,own,82000.0
778827,current,1500,60,16.49,36.87,other,19.63,74.8,8,rent,56004.0
768820,current,16750,60,11.49,368.3,debt_consolidation,25.16,26.5,10,mortgage,31000.0
778529,current,5000,60,21.36,136.29,debt_consolidation,16.02,98.8,6,rent,49000.0
778517,current,20000,60,10.99,434.75,home_improvement,9.49,19.6,10,mortgage,75000.0
778150,current,20000,60,14.79,473.6,home_improvement,20.29,52.0,3,mortgage,85000.0
768319,current,12500,60,16.89,309.92,debt_consolidation,15.31,79.9,7,mortgage,25000.0
774577,current,25000,60,20.25,406.83,small_business,1.0,89.3,1,mortgage,90000.0
776126,current,19200,60,16.89,476.04,other,10.47,61.6,3,rent,58000.0
775418,current,18000,60,10.99,391.28,debt_consolidation,15.35,4.4,2,rent,68000.0
775351,current,3000,60,10.99,65.22,car,2.83,19.2,6,mortgage,50000.0
776187,current,17000,60,17.99,431.6,debt_consolidation,10.97,73.9,4,rent,85000.0
766808,current,5000,60,8.49,102.56,major_purchase,1.92,9.3,1,rent,28800.0
774770,current,3500,60,15.99,85.1,other,0.38,1.0,1,rent,31200.0
775127,current,6700,60,20.62,179.83,home_improvement,0.4,44.3,1,own,105000.0
774318,current,20000,60,12.99,454.96,home_improvement,2.39,16.4,7,mortgage,200000.0
773438,current,25000,60,14.79,592.0,debt_consolidation,12.77,58.8,5,mortgage,159996.0
763640,current,35000,60,19.29,913.52,credit_card,24.23,92.5,10,mortgage,78000.0
773278,current,18000,60,20.25,479.4,home_improvement,5.0,73.5,10,mortgage,160000.0
773040,current,14700,60,16.89,364.47,debt_consolidation,11.36,87.7,2,rent,43000.0
772370,current,25000,60,11.99,555.99,debt_consolidation,17.98,25.1,4,mortgage,60000.0
772330,current,16000,60,10.99,347.8,major_purchase,6.02,10.6,10,mortgage,71000.0
772289,current,19000,60,13.49,437.09,debt_consolidation,10.73,69.3,5,mortgage,70000.0
749765,current,3000,60,15.23,71.74,car,12.08,12.4,10,rent,57600.0
770407,current,8000,60,13.99,186.11,other,12.39,74.3,3,rent,27996.0
771545,current,3600,60,16.49,88.49,debt_consolidation,20.99,46.4,5,rent,27504.0
771531,current,24000,60,10.99,521.7,debt_consolidation,21.91,58.7,10,rent,55000.0
771518,current,21250,60,12.99,483.4,other,28.86,13.6,10,mortgage,41700.0
771489,current,13200,60,15.99,320.93,debt_consolidation,16.36,25.9,10,own,57000.0
770922,current,25000,60,11.49,549.69,debt_consolidation,16.54,29.3,4,mortgage,60000.0
769685,current,20000,60,11.99,444.79,debt_consolidation,13.56,49.4,4,mortgage,83000.0
769578,current,23325,60,13.49,536.59,house,25.04,51.3,10,rent,44000.0
769533,current,16200,60,19.29,422.83,debt_consolidation,19.86,39.6,2,mortgage,38000.0
769142,current,11075,60,15.99,269.27,debt_consolidation,16.22,66.0,1,mortgage,96188.0
768396,current,4025,60,17.49,101.1,other,8.66,9.0,3,own,60000.0
763967,current,12000,60,10.99,260.85,debt_consolidation,15.98,29.8,2,mortgage,66000.0
768084,current,25475,60,16.89,631.62,credit_card,23.52,91.6,6,rent,48000.0
767882,current,20000,60,20.25,532.67,small_business,8.72,84.4,6,rent,72000.0
767511,current,9450,60,8.49,193.84,home_improvement,27.5,26.1,7,mortgage,38400.0
767189,current,28000,60,11.49,473.29,debt_consolidation,15.49,64.5,6,mortgage,84000.0
767009,current,11325,60,12.99,257.63,wedding,22.28,53.2,10,rent,30000.0
766950,current,5000,60,10.99,108.69,car,25.56,55.9,1,mortgage,68400.0
765567,current,17000,60,9.99,361.12,debt_consolidation,17.24,17.7,10,mortgage,84000.0
765295,current,11400,60,16.49,280.21,debt_consolidation,20.82,66.1,10,mortgage,43104.0
765141,current,24000,60,18.39,614.55,debt_consolidation,15.95,87.3,10,mortgage,85000.0
764093,current,25000,60,18.39,525.57,debt_consolidation,16.41,76.6,3,mortgage,140000.0
765027,current,10000,60,10.59,215.39,home_improvement,13.92,23.1,1,mortgage,60000.0
757305,current,3000,60,13.99,69.79,other,24.64,58.3,10,mortgage,41000.0
764775,current,8000,60,11.49,175.91,major_purchase,0.0,0.1,9,mortgage,69313.0
749598,current,10000,60,13.49,230.05,other,17.8,40.9,8,rent,30000.0
760850,current,8000,60,10.99,173.9,debt_consolidation,17.16,45.9,10,rent,22800.0
764365,current,20000,60,11.99,444.79,debt_consolidation,16.5,44.3,10,mortgage,93233.0
757402,current,8000,60,15.23,191.29,credit_card,19.96,64.4,2,rent,60000.0
764198,current,8000,60,15.23,191.29,debt_consolidation,15.44,85.6,1,rent,90000.0
763527,current,12000,60,13.99,279.16,home_improvement,1.89,18.1,4,mortgage,42000.0
763281,current,8000,60,17.51,201.03,small_business,1.71,20.6,4,mortgage,61800.0
763180,current,10000,60,11.49,219.88,debt_consolidation,22.69,34.1,10,mortgage,67480.0
763033,current,26800,60,15.23,640.82,small_business,10.05,66.1,10,rent,183000.0
762867,current,14000,60,10.99,304.33,debt_consolidation,23.29,66.9,8,own,27148.0
762783,current,16000,60,21.36,436.11,debt_consolidation,23.18,94.5,4,mortgage,78000.0
762963,current,15000,60,16.49,368.69,debt_consolidation,22.96,69.1,10,mortgage,46000.0
762894,current,32350,60,19.69,851.51,debt_consolidation,21.93,75.0,10,mortgage,115740.0
762923,current,21000,60,17.99,533.15,small_business,9.16,1.2,8,mortgage,60000.0
762174,current,12400,60,19.69,326.39,small_business,12.6,58.7,1,rent,54000.0
762547,current,6000,60,11.99,133.44,car,24.76,30.9,1,own,25200.0
762510,current,35000,60,13.49,805.17,home_improvement,8.44,33.8,10,mortgage,333676.0
759631,current,15000,60,9.99,318.64,home_improvement,3.37,19.7,10,mortgage,84000.0
762048,current,5000,60,17.99,126.94,debt_consolidation,7.83,35.2,9,own,40000.0
762192,current,7425,60,18.39,190.13,debt_consolidation,10.47,76.0,4,mortgage,80000.0
761890,current,4800,60,12.99,109.2,home_improvement,3.67,48.6,10,mortgage,65000.0
761764,current,12375,60,18.79,319.59,debt_consolidation,20.03,63.2,1,rent,36000.0
759505,current,7200,60,15.99,175.06,home_improvement,7.42,77.6,1,mortgage,83000.0
734957,current,6000,60,20.62,161.05,small_business,2.33,5.3,10,rent,36000.0
760496,current,5000,60,13.99,116.32,vacation,15.78,22.3,10,rent,60000.0
760328,current,25000,60,14.91,593.57,debt_consolidation,8.14,68.1,10,mortgage,80000.0
760215,current,3000,60,19.69,78.97,home_improvement,11.9,73.9,10,mortgage,48000.0
760194,current,24600,60,16.89,609.92,debt_consolidation,12.68,45.9,10,mortgage,58000.0
758317,current,22800,60,17.49,572.67,debt_consolidation,20.59,67.7,2,mortgage,95000.0
749861,current,4125,60,18.79,106.53,major_purchase,6.35,44.6,1,rent,10020.0
758046,current,7000,60,13.49,161.04,major_purchase,13.4,22.1,1,rent,36000.0
757023,current,3000,60,11.99,66.72,car,0.0,0.0,10,mortgage,88992.0
759508,current,18000,60,10.99,391.28,credit_card,19.17,44.6,6,mortgage,75000.0
759456,current,20000,60,14.79,473.6,debt_consolidation,9.13,48.5,4,mortgage,100800.0
759448,current,6000,60,12.99,136.49,other,10.34,5.9,4,rent,42000.0
755920,current,15000,60,19.29,391.51,debt_consolidation,7.16,75.4,1,rent,54000.0
758811,current,13200,60,9.99,280.4,debt_consolidation,17.68,20.2,10,mortgage,83000.0
753996,current,8900,60,12.99,202.46,debt_consolidation,17.83,66.7,4,mortgage,43000.0
758795,current,9000,60,16.49,221.22,small_business,21.49,78.4,2,mortgage,94000.0
758038,current,7575,60,18.39,193.97,debt_consolidation,8.67,46.9,6,mortgage,26160.0
757934,current,6000,60,10.99,130.43,car,7.68,39.5,7,mortgage,67200.0
757906,current,22000,60,13.49,506.11,debt_consolidation,12.14,59.0,5,rent,150000.0
757710,current,6000,60,15.23,143.47,car,21.22,69.2,1,rent,32400.0
754352,current,19400,60,17.99,492.53,credit_card,12.41,54.1,1,rent,179004.0
738203,current,19500,60,13.49,448.6,house,25.02,43.6,6,mortgage,40000.0
757109,current,18000,60,21.36,490.62,wedding,13.34,16.7,1,mortgage,44250.0
757106,current,25975,60,13.49,385.91,debt_consolidation,25.62,31.7,10,mortgage,52000.0
756858,current,3000,60,14.79,71.04,home_improvement,2.51,47.1,5,mortgage,42000.0
756669,current,5900,60,14.79,139.72,moving,10.43,34.2,2,rent,45000.0
752732,current,7200,60,14.79,170.5,moving,23.2,46.4,1,rent,36000.0
755335,current,35000,60,19.69,622.51,small_business,11.7,80.5,10,mortgage,192000.0
754868,current,8000,60,11.99,177.92,car,29.95,28.4,2,rent,44400.0
756203,current,5000,60,17.99,126.94,debt_consolidation,11.58,87.9,1,mortgage,37000.0
756173,current,12000,60,19.29,313.21,home_improvement,1.95,79.4,10,mortgage,168000.0
717267,current,13000,60,10.59,280.01,major_purchase,16.01,31.1,7,mortgage,38004.0
755095,current,6000,60,7.49,120.2,major_purchase,26.32,10.7,4,own,17964.0
754416,current,4000,60,8.49,82.05,car,11.39,42.6,3,own,41520.0
754163,current,35000,60,19.29,577.48,debt_consolidation,20.06,96.0,10,rent,190000.0
747464,current,3500,60,8.49,71.8,other,6.37,0.0,3,mortgage,85000.0
754045,current,35000,60,20.62,577.74,credit_card,18.5,91.2,3,mortgage,67775.0
753270,current,13250,60,13.99,308.24,debt_consolidation,10.64,18.2,7,own,21090.24
753819,current,10000,60,8.49,205.12,debt_consolidation,10.43,7.1,10,mortgage,75600.0
753754,current,6000,60,16.89,148.77,debt_consolidation,9.04,71.2,2,rent,28800.0
729829,current,18000,60,13.99,398.39,credit_card,21.12,47.2,10,mortgage,40000.0
751870,current,14000,60,14.91,332.4,credit_card,6.65,73.0,10,own,250000.0
748225,current,9700,60,15.23,231.94,home_improvement,15.05,27.7,4,mortgage,113000.0
748284,current,10500,60,19.69,276.38,debt_consolidation,10.96,88.7,10,rent,160000.0
746629,current,3500,60,17.49,87.91,other,21.64,1.7,7,rent,56004.0
745888,current,10750,60,14.79,254.56,debt_consolidation,23.84,53.9,1,mortgage,45000.0
745773,current,13000,60,10.0,276.22,debt_consolidation,18.38,20.5,10,mortgage,44004.0
745718,current,6400,60,6.0,132.64,debt_consolidation,19.98,62.5,2,rent,75000.0
743734,current,16000,60,10.99,347.8,debt_consolidation,20.38,20.5,3,mortgage,65000.0
740743,current,21000,60,18.79,542.33,debt_consolidation,20.31,94.5,1,mortgage,81000.0
725556,current,10400,60,6.0,218.99,credit_card,10.84,95.6,5,mortgage,29000.0
738420,current,6000,60,10.37,128.58,car,11.05,0.2,1,rent,24000.0
733695,current,19200,60,10.74,414.97,small_business,4.43,0.0,5,mortgage,100000.0
728422,current,9350,60,10.0,198.66,car,4.84,5.9,8,rent,66000.0
702171,current,9000,60,13.06,205.06,debt_consolidation,5.74,64.0,4,rent,44137.0
